//Note: This export file in CSV format must not be opened by double-clicking on the file!;;;
//Please open this file using the menu command File > Open of MS Excel;;;
$_Languages;;;
7(5) German (Liechtenstein);9(1) English (United States);12(1) French (France);
$_Typ(OtherText);$_Attrib(MultiLanguage);$_Attrib(MultiLanguage);
//$_Export on 03/02/2017 02:17:41 PM;;;
9248;Too much diagnostic information generated;Trop d'informations de diagnostic;
25632;The HMI diagnostic picture data block for PROFINET IO is intended for maximum di;Le bloc de données des vues de diagnotic IHM pour PROFINET IO est prévu pour un ;
9249;Error calling SFB 52;Erreur à l'appel du SFB 52;
25633;An error occurred calling SFB 52 during the updating of the HMI diagnostic pictu;Une erreur s'est produite lors de l'actualisation du bloc de données pour vues d;
9296;Module is not plugged in;Module non enfiché;
25680;Check whether or not the module is correctly plugged in.;Vérifiez si le module est correctement enfiché.;
9297;Wrong module plugged in;Module incorrect enfiché;
25681;Check the module.;Contrôlez le module.;
9298;The module is correct but at least one submodule is incorrect;Le module est correct mais une cartouche au moins est incorrecte.;
25682;Check the submodules of the module.;Contrôlez les cartouches du module.;
9299;Wrong module but it is compatible with the configuration;Module incorrect, mais compatible avec la configuration.;
25683;The module is compatible with the configuration so no action is necessary.;Comme le module est compatible avec le configuration, aucune action n'est requis;
9392;Submodule is not plugged in;Cartouche non enfichée;
25776;Check whether or not the submodule is correctly plugged in.;Vérifiez si la cartouche est correctement enfichée;
9393;Submodule is compatible to the configuration;Cartouche compatible avec la configuration;
25777;The submodule is compatible with the configuration so no action is necessary.;Comme la cartouche est compatible avec la configuration, aucune action n'est req;
9394;Submodule is block by the controller;Cartouche bloquée par le contrôleur.;
25778;;;
9396;An application is accessing the submodule;Une application accède à la cartouche.;
25780;;;
9399;Wrong submodule but it is compatible with the configuration;Cartouche incorrecte, mais compatible avec la configuration;
25783;The submodule is compatible with the configuration so no action is necessary.;Comme la cartouche est compatible avec la configuration, aucune action n'est req;
8592;;;
24976;;;
8784;Short circuit;Court-circuit;
25168;Check the status of the connection lines.;Contrôlez l'état des câbles de liaison.;
8976;Low voltage;Sous-tension;
25360;Verify the power supply.;Contrôlez l'alimentation en tension.;
9168;Overvoltage;Surtension;
25552;Verify the power supply.;Contrôlez l'alimentation en tension.;
9360;Overload;Surcharge;
25744;Check the technical specifications of the  connected components and the configur;Contrôlez les caractéristiques techniques des composants liés ou le paramétrage.;
9552;Overtemperature;Surchauffe;
25936;Check the technical specifications of the connected components.;Contrôlez les caractéristiques techniques des composants liés.;
9744;Wire break;Rupture de fil;
26128;Check the status of the connection lines.;Contrôlez l'état des câbles de liaison.;
9936;High limit exceeded;Limite supérieure dépassée;
26320;Check the technical specifications of the  connected components and the configur;Contrôlez les caractéristiques techniques des composants liés ou le paramétrage.;
10128;Low limit exceeded;Limite inférieure sous-dépassée;
26512;Check the technical specifications of the  connected components and the configur;Contrôlez les caractéristiques techniques des composants liés ou le paramétrage.;
10320;Error;Erreur;
26704;;;
10512;Simulation active;Simulation active;
26896;;;
10704;Reserved;réservé;
27088;;;
10896;Reserved;réservé;
27280;;;
11088;Reserved;réservé;
27472;;;
11280;Reserved;réservé;
27664;;;
11472;Parameter missing;Paramètre manquant;
27856;;;
11664;Parameter assignment error;Erreur de paramétrage;
28048;Cause: Bad module parameter. Remedy: Check and correct parameter. Then reload.;Cause : paramètres de module incorrects. Solution : vérifiez et corrigez les par;
11856;Power supply fault;Absence de tension capteur ou de charge;
28240;Cause: No power supply. Remedy: Check wiring or turn on power supply.;Cause : absence de tension d'alimentation. Solution : vérifiez le câblage ou bra;
12048;Fuse blown / open;Fusible defectueux;
28432;Cause: Overload. Remedy: Remove cause of overload. The replace fuse.;Cause : surcharge. Solution : supprimez la cause de la surcharge. Remplacez ensu;
12240;Slot cannot be addressed;Emplacement non accessible;
28624;Cause: Communication error with various possible causes. Remedy: Depends on caus;Cause : erreur de communication à cause multiple. Solution : dépend de la cause.;
12432;Ground fault;Défaut à la masse;
28816;Cause: Common mode voltage exceeded or M cable disconnected. Remedy: Check wirin;Cause : dépassement de la tension mode commun ou rupture du câble M. Solution : ;
12624;Reference point list;Erreur de voie de référence;
29008;Cause: Error on reference channel. Remedy: See manual.;Cause : erreur de voie de référence. Solution : voir le manuel.;
12816;Process event lost / sampling error;Alarme de processus perdue;
29200;Cause: Hardware interrupt. Remedy: Change interrupt handling of the CPU or chang;Cause : alarme de processus. Solution : modifiez le traitement de l'alarme par l;
13008;Threshold warning;Avertissement actionneur;
29392;Cause: Actuator signaling a limit value violation. Remedy: Check interaction of ;Cause : actionneur signale un dépassement d'une valeur limite. Solution : vérifi;
13200;Output disabled;Coupure actionneur;
29584;Cause: Problem detected on actuator. Remedy: Find and eliminate cause.;Cause : problème d'actionneur détecté. Solution : supprimez la cause du problème;
13392;Safety event;Arrêt de sécurité;
29776;Cause: Error detected on channel. Remedy: Check channel and correct problem..;Cause : erreur de voie détectée. Solution : vérifiez la voie et supprimez l'erre;
13584;External fault;Défaut externe;
29968;Cause: Problem detected on sensor/actuator. Remedy: Replace sensor/actuator or c;Cause : Erreur de capteur/actionneur détectée. Solution : remplacez le capteur/a;
13776;Unidentified error;Défaut non spécifié;
30160;Cause: Cannot be specified in greater detail. Remedy: See manual.;Cause : ne peut être spécifiée. Solution : voir le manuel.;
13968;Reserved;réservé;
30352;;;
14160;Fault 1 in actuator/sensor;Erreur 1 dans actionneur / capteur;
30544;;;
14352;Fault 2 in actuator/sensor;Erreur 2 dans actionneur / capteur;
30736;;;
14544;Temporary error;Erreur temporaire;
30928;;;
544;Illegal linkup;Linkup illicite;
16928;Link status different from setting in parameter data record 200;Etat de connexion différent des spécifications de l'enregistrement de paramétrag;
736;Illegal linkdown;Linkdown illicite;
17120;Link status different from setting in parameter data record 200;Etat de connexion différent des spécifications de l'enregistrement de paramétrag;
928;Illegal transmission rate;Vitesse de transmission illicite;
17312;Transmission rate different from setting in parameter data record 3;Vitesse de transmission différente des spécifications de l'enregistrement de par;
1120;Illegal duplexity;Duplexity illicite;
17504;Duplexity different from setting in parameter data record 3;Duplexity différente des spécifications de l'enregistrement de paramétrage 3;
1312;Frame overload;Surcharge de trames;
17696;More or less discarded frames than set as threshold value in parameter data reco;Les télégrammes rejetés dépassent le seuil spécifié dans l'enregistrement de par;
8808;Data transmission impossible; @5W%t#A02A-SCALANCE_X200-20070405@;Transmission de données impossible; @5W%t#A02A-SCALANCE_X200-20070405@;
25192;Help: Data transmission impossible; @5W%t#A02A-SCALANCE_X200-20070405@;Aide : transmission de données impossible; @5W%t#A02A-SCALANCE_X200-20070405@;
8904;No physical connection on port;Pas de connexion physique au port;
25288;Port monitoring was configured, there is however no physical connection on the p;Une surveillance de port a été configurée, mais il n'existe pas de connexion phy;
8905;Error with "Transfer medium/duplex";Erreur pour "Support de transmission/Duplex";
25289;"Transfer medium / duplex" was configured; the current port setting resulting fr;"Support de transmission / Duplex" a été configuré ; la sélection de port déterm;
8906;Error during cable data check;Erreur à la vérification des données de câble;
25290;Possible causes:
 - The discovered cable length is longer than the one configure;Causes possibles :
 - La longueur de câble déterminée dépasse celle configurée
 ;
9000;Remote mismatch; @5W%t#A02A-SCALANCE_X200-20070405@;Erreur partenaire; @5W%t#A02A-SCALANCE_X200-20070405@;
25384;Help: Remote mismatch; @5W%t#A02A-SCALANCE_X200-20070405@;Aide : erreur partenaire; @5W%t#A02A-SCALANCE_X200-20070405@;
9096;Wrong partner;Partenaire incorrect;
25480;A port interconnection was configured but a different partner was detected at th;Une connexion de port a été configurée, un autre partenaire a été déterminé pour;
9097;Wrong partner port;Port partenaire incorrect;
25481;A port interconnection was configured but a different partner port was detected ;Une connexion de port a été configurée, un autre port partenaire a été déterminé;
9098;IRT (top performance) not possible at this port;IRT (Top Performance) impossible sur ce port;
25482;Possible causes:
 - Other communications errors on this or on the partner port a;Causes possibles :
 - Autres erreurs de communication sur ce port ou sur le port;
9099;Inconsistency in "transmission medium / duplex";Incohérence pour "Support de transmission / Duplex";
25483;"Transmission medium/duplex" was configured; the local setting of the port does ;"Support de transmission/Duplex" a été configuré ; les options sélectionnées pou;
9100;Inconsistent MRP configuration / wiring;Incohérence de la configuration MRP / du câblage;
25484;MRP domain was configured; the local setting of the port does not match the sett;Domaine MRP configuré ; la sélection locale du port ne correspond pas à celle du;
9101;The neighbor could not be identified;Le voisin n'a pas pu être détecté;
25485;A port interconnection was configured but a single partner was not detected at t;Une connexion de port a été configurée, un partenaire précis n'a pas été détecté;
9102;Inconsistent MRRT configuration;Incohérence de la configuration MRRT;
25486;The MRRT feature was configured; the local setting of the port does not match th;L'attribut MRRT  a été configuré; les options sélectionnées pour le port ne sont;
9103;Difference in cable length measurement;Différence à la détermination de longueur de câble;
25487;"Transmission medium / Duplex" was configured. The two partners have cable lengt;"Support de transmission / Duplex" a été configuré. Les deux partenaires ont dét;
9120;Sync domain name used more than once;Nom de domaine Sync utilisé plusieurs fois;
25504;Two sync domains with the same name were configured in the Ethernet subnet.
Reme;Deux domaines Sync de même nom ont été configurés dans le réseau Ethernet.
Solut;
9192;Media redundancy mismatch; @5W%t#A02A-SCALANCE_X200-20070405@;Erreur de redondance de supports de transmission; @5W%t#A02A-SCALANCE_X200-20070405@;
25576;Help: Media redundancy mismatch; @5W%t#A02A-SCALANCE_X200-20070405@;Aide : erreur de redondance de supports de transmission; @5W%t#A02A-SCALANCE_X20;
9288;Redundancy manager cannot adopt the configured role;Le gestionnaire de redondance ne peut pas assumer le rôle configuré.;
25672;Indicates that the configured redundancy manager adopts the role of client, anot;Signifie que le gestionnaire de redondance configuré remplit le rôle de client e;
9289;Ring opened;Anneau ouvert;
25673;Indicates that the ring has been interrupted. Redundancy is no longer effective.;Indique que l'anneau est interrompu unilatéralement. La redondance n'est plus ga;
9290;RT redundancy not effective;Redondance RT plus garantie;
25674;Indicates that the ring is not closed for RT communication. Possible causes:
 - ;Indique que l'anneau n'est pas fermé pour la communication RT. Causes possibles ;
9291;There is more than one redundancy manager in the ring;Il existe plusieurs gestionnaires de redondance au sein de l'anneau;
25675;Indicates that more than one device in the ring adopts the redundancy manager ro;Indique que plusieurs appareils assument le rôle de gestionnaire de redondance d;
9384;Sync mismatch; @5W%t#A02A-SCALANCE_X200-20070405@;Perte de synchronisation; @5W%t#A02A-SCALANCE_X200-20070405@;
25768;Help: Sync mismatch; @5W%t#A02A-SCALANCE_X200-20070405@;Aide : perte de synchronisation; @5W%t#A02A-SCALANCE_X200-20070405@;
9480;Sync slave will not be synchronized;L'esclave Sync ne sera pas synchronisé;
25864;The station is a sync slave and it is not synchronized.
Possible causes:
 - The ;La station est un esclave Sync et n'est pas synchronisée.
Causes possibles :
 - ;
9483;Station not synchronized;Station non synchrone;
25867;Synchronization is outside the range of tolerance; the reference signal is not a;La synchronisation se trouve hors de la plage de tolérance ; le signal de référe;
9576;Isochronous mode mismatch; @5W%t#A02A-SCALANCE_X200-20070405@;Erreur de synchronisme d'horloge; @5W%t#A02A-SCALANCE_X200-20070405@;
25960;Help: Isochronous mode mismatch; @5W%t#A02A-SCALANCE_X200-20070405@;Aide : erreur de synchronisme d'horloge; @5W%t#A02A-SCALANCE_X200-20070405@;
9768;Multicast CR mismatch; @5W%t#A02A-SCALANCE_X200-20070405@;Erreur Multicast CR; @5W%t#A02A-SCALANCE_X200-20070405@;
26152;Help: Multicast CR mismatch; @5W%t#A02A-SCALANCE_X200-20070405@;Aide : Erreur CR Multicast; @5W%t#A02A-SCALANCE_X200-20070405@;
9960;Reserved; @5W%t#A02A-SCALANCE_X200-20070405@;réservé; @5W%t#A02A-SCALANCE_X200-20070405@;
26344;Help: Reserved; @5W%t#A02A-SCALANCE_X200-20070405@;Aide : réservée; @5W%t#A02A-SCALANCE_X200-20070405@;
10152;Fiber optics mismatch; @5W%t#A02A-SCALANCE_X200-20070405@;Erreur fibre optique; @5W%t#A02A-SCALANCE_X200-20070405@;
26536;Help: Fiber optics mismatch; @5W%t#A02A-SCALANCE_X200-20070405@;Aide : erreur fibre optique; @5W%t#A02A-SCALANCE_X200-20070405@;
10248;FO link power margin critical;Réserve système FO critique;
26632;The FO link power margin is below the @2D%1d@ dB threshold
Remedy: Clean or repl;La réserve système FO se trouve en -dessous du seuil @2D%1d@ dB 
Solution : nett;
10344;Network component function mismatch; @5W%t#A02A-SCALANCE_X200-20070405@;Erreur de fonctionnement du composant réseau; @5W%t#A02A-SCALANCE_X200-20070405@;
26728;Help: Network component function mismatch; @5W%t#A02A-SCALANCE_X200-20070405@;Aide : erreur de fonctionnement du composant réseau; @5W%t#A02A-SCALANCE_X200-20;
10440;Data packets discarded due to overload;Paquets de données rejetés pour surcharge;
26824;At least @2D%1d@ data packets were discarded due to a lack of resources.
Possibl;@2D%1d@ paquets de données au minimum ont été rejetés en raison d'un manque temp;
10536;Time mismatch; @5W%t#A02A-SCALANCE_X200-20070405@;Erreur d'horloge; @5W%t#A02A-SCALANCE_X200-20070405@;
26920;Help: Time mismatch; @5W%t#A02A-SCALANCE_X200-20070405@;Aide : erreur de temporisation; @5W%t#A02A-SCALANCE_X200-20070405@;
11400;Inconsistent configuration / specification of the standard gateway;Configuration incohérente/Spécification du routeur par défaut;
27784;A standard gateway has been configured for at least one additional interface tha;Un autre routeur par défaut a été configuré pour au moins une autre interface. 
;
11401;Inconsistent configuration/specification of the NameOfStation;Configuration incohérente/Spécification du NameOfStation;
27785;A NameOfStation which is identical to the specification for this interface has a;Un NameOfStation a déjà été configuré /attribué pour une autre interface de ce m;
11402;Inconsistent configuration/specification of the IP address;Configuration incohérente/Spécification de l'adresse IP;
27786;An IP address which is in the same subnet as the IP address of this interface ha;Une adresse IP a déjà été configurée/attribuée pour une autre interface. Elle se;
12096;No redundant PS;Pas d'alimentation redondante;
28480;Alarm entering state when there is no redundant PS;Alarme arrivante en l'absence d'alimentation redondante;
12098;C-PLUG not found;C-PLUG introuvable;
28482;Alarm entering state when no C-PLUG was inserted;Alarme arrivante en l'absence de C-PLUG;
12100;C-PLUG defective;C-PLUG défectueux;
28484;Alarm entering state when C-PLUG is defective;Alarme arrivante lorsque le C-PLUG est défectueux;
12102;wrong C-PLUG;Le C-PLUG est incorrect;
28486;Incoming alarm when wrong C-PLUG is plugged in;Alarme apparaissante si aucun C-PLUG n'a incorrect;
5376;;;
21760;;;
5568;Short circuit;Court-circuit;
21952;Check the status of the connection lines.;Contrôlez l'état des câbles de liaison.;
5760;Low voltage;Sous-tension;
22144;Verify the power supply.;Contrôlez l'alimentation en tension.;
5952;Overvoltage;Surtension;
22336;Verify the power supply.;Contrôlez l'alimentation en tension.;
6144;Overload;Surcharge;
22528;Check the technical specifications of the  connected components and the configur;Contrôlez les caractéristiques techniques des composants liés ou le paramétrage.;
6336;Overtemperature;Surchauffe;
22720;Check the technical specifications of the connected components.;Contrôlez les caractéristiques techniques des composants liés.;
6528;Wire break;Rupture de fil;
22912;Check the status of the connection lines.;Contrôlez l'état des câbles de liaison.;
6720;High limit exceeded;Limite supérieure dépassée;
23104;Check the technical specifications of the  connected components and the configur;Contrôlez les caractéristiques techniques des composants liés ou le paramétrage.;
6912;Low limit exceeded;Limite inférieure sous-dépassée;
23296;Check the technical specifications of the  connected components and the configur;Contrôlez les caractéristiques techniques des composants liés ou le paramétrage.;
7104;Error;Erreur;
23488;;;
7296;Simulation active;Simulation active;
23680;;;
7488;Reserved;réservé;
23872;;;
7680;Reserved;réservé;
24064;;;
7872;Reserved;réservé;
24256;;;
8064;Reserved;réservé;
24448;;;
8256;Parameter missing;Paramètre manquant;
24640;;;
8448;Parameter assignment error;Erreur de paramétrage;
24832;Cause: Bad module parameter. Remedy: Check and correct parameter. Then reload.;Cause : paramètres de module incorrects. Solution : vérifiez et corrigez les par;
8640;Power supply fault;Absence de tension capteur ou de charge;
25024;Cause: No power supply. Remedy: Check wiring or turn on power supply.;Cause : absence de tension d'alimentation. Solution : vérifiez le câblage ou bra;
8832;Fuse blown / open;Fusible defectueux;
25216;Cause: Overload. Remedy: Remove cause of overload. The replace fuse.;Cause : surcharge. Solution : supprimez la cause de la surcharge. Remplacez ensu;
9024;Slot cannot be addressed;Emplacement non accessible;
25408;Cause: Communication error with various possible causes. Remedy: Depends on caus;Cause : erreur de communication à cause multiple. Solution : dépend de la cause.;
9216;Ground fault;Défaut à la masse;
25600;Cause: Common mode voltage exceeded or M cable disconnected. Remedy: Check wirin;Cause : dépassement de la tension mode commun ou rupture du câble M. Solution : ;
9408;Reference point list;Erreur de voie de référence;
25792;Cause: Error on reference channel. Remedy: See manual.;Cause : erreur de voie de référence. Solution : voir le manuel.;
9600;Process event lost / sampling error;Alarme de processus perdue;
25984;Cause: Hardware interrupt. Remedy: Change interrupt handling of the CPU or chang;Cause : alarme de processus. Solution : modifiez le traitement de l'alarme par l;
9792;Threshold warning;Avertissement actionneur;
26176;Cause: Actuator signaling a limit value violation. Remedy: Check interaction of ;Cause : actionneur signale un dépassement d'une valeur limite. Solution : vérifi;
9984;Output disabled;Coupure actionneur;
26368;Cause: Problem detected on actuator. Remedy: Find and eliminate cause.;Cause : problème d'actionneur détecté. Solution : supprimez la cause du problème;
10176;Safety event;Arrêt de sécurité;
26560;Cause: Error detected on channel. Remedy: Check channel and correct problem..;Cause : erreur de voie détectée. Solution : vérifiez la voie et supprimez l'erre;
10368;External fault;Défaut externe;
26752;Cause: Problem detected on sensor/actuator. Remedy: Replace sensor/actuator or c;Cause : Erreur de capteur/actionneur détectée. Solution : remplacez le capteur/a;
10560;Unidentified error;Défaut non spécifié;
26944;Cause: Cannot be specified in greater detail. Remedy: See manual.;Cause : ne peut être spécifiée. Solution : voir le manuel.;
10752;Reserved;réservé;
27136;;;
10944;Fault 1 in actuator/sensor;Erreur 1 dans actionneur / capteur;
27328;;;
11136;Fault 2 in actuator/sensor;Erreur 2 dans actionneur / capteur;
27520;;;
11328;Temporary error;Erreur temporaire;
27712;;;
13640;Illegal linkup;Linkup illicite;
30024;Link status different from setting in parameter data record 200;Etat de connexion différent des spécifications de l'enregistrement de paramétrag;
13832;Illegal linkdown;Linkdown illicite;
30216;Link status different from setting in parameter data record 200;Etat de connexion différent des spécifications de l'enregistrement de paramétrag;
14024;Illegal transmission rate;Vitesse de transmission illicite;
30408;Transmission rate different from setting in parameter data record 3;Vitesse de transmission différente des spécifications de l'enregistrement de par;
14216;Illegal duplexity;Duplexity illicite;
30600;Duplexity different from setting in parameter data record 3;Duplexity différente des spécifications de l'enregistrement de paramétrage 3;
14408;Frame overload;Surcharge de trames;
30792;More or less discarded frames than set as threshold value in parameter data reco;Les télégrammes rejetés dépassent le seuil spécifié dans l'enregistrement de par;
5592;Data transmission impossible; @5W%t#A02A-SCALANCE_X200-20090303@;Transmission de données impossible; @5W%t#A02A-SCALANCE_X200-20090303@;
21976;Help: Data transmission impossible; @5W%t#A02A-SCALANCE_X200-20090303@;Aide : transmission de données impossible; @5W%t#A02A-SCALANCE_X200-20090303@;
5688;No physical connection on port;Pas de connexion physique au port;
22072;Port monitoring was configured, there is however no physical connection on the p;Une surveillance de port a été configurée, mais il n'existe pas de connexion phy;
5689;Error with "Transfer medium/duplex";Erreur pour "Support de transmission/Duplex";
22073;"Transfer medium / duplex" was configured; the current port setting resulting fr;"Support de transmission / Duplex" a été configuré ; la sélection de port déterm;
5690;Error during cable data check;Erreur à la vérification des données de câble;
22074;Possible causes:
 - The discovered cable length is longer than the one configure;Causes possibles :
 - La longueur de câble déterminée dépasse celle configurée
 ;
5784;Remote mismatch; @5W%t#A02A-SCALANCE_X200-20090303@;Erreur partenaire; @5W%t#A02A-SCALANCE_X200-20090303@;
22168;Help: Remote mismatch; @5W%t#A02A-SCALANCE_X200-20090303@;Aide : erreur partenaire; @5W%t#A02A-SCALANCE_X200-20090303@;
5880;Wrong partner;Partenaire incorrect;
22264;A port interconnection was configured but a different partner was detected at th;Une connexion de port a été configurée, un autre partenaire a été déterminé pour;
5881;Wrong partner port;Port partenaire incorrect;
22265;A port interconnection was configured but a different partner port was detected ;Une connexion de port a été configurée, un autre port partenaire a été déterminé;
5882;IRT (top performance) not possible at this port;IRT (Top Performance) impossible sur ce port;
22266;Possible causes:
 - Other communications errors on this or on the partner port a;Causes possibles :
 - Autres erreurs de communication sur ce port ou sur le port;
5883;Inconsistency in "transmission medium / duplex";Incohérence pour "Support de transmission / Duplex";
22267;"Transmission medium/duplex" was configured; the local setting of the port does ;"Support de transmission/Duplex" a été configuré ; les options sélectionnées pou;
5884;Inconsistent MRP configuration / wiring;Incohérence de la configuration MRP / du câblage;
22268;MRP domain was configured; the local setting of the port does not match the sett;Domaine MRP configuré ; la sélection locale du port ne correspond pas à celle du;
5885;The neighbor could not be identified;Le voisin n'a pas pu être détecté;
22269;A port interconnection was configured but a single partner was not detected at t;Une connexion de port a été configurée, un partenaire précis n'a pas été détecté;
5886;Inconsistent MRRT configuration;Incohérence de la configuration MRRT;
22270;The MRRT feature was configured; the local setting of the port does not match th;L'attribut MRRT  a été configuré; les options sélectionnées pour le port ne sont;
5887;Difference in cable length measurement;Différence à la détermination de longueur de câble;
22271;"Transmission medium / Duplex" was configured. The two partners have cable lengt;"Support de transmission / Duplex" a été configuré. Les deux partenaires ont dét;
5904;Sync domain name used more than once;Nom de domaine Sync utilisé plusieurs fois;
22288;Two sync domains with the same name were configured in the Ethernet subnet.
Reme;Deux domaines Sync de même nom ont été configurés dans le réseau Ethernet.
Solut;
5976;Media redundancy mismatch; @5W%t#A02A-SCALANCE_X200-20090303@;Erreur de redondance de supports de transmission; @5W%t#A02A-SCALANCE_X200-20090303@;
22360;Help: Media redundancy mismatch; @5W%t#A02A-SCALANCE_X200-20090303@;Aide : erreur de redondance de supports de transmission; @5W%t#A02A-SCALANCE_X20;
6072;Redundancy manager cannot adopt the configured role;Le gestionnaire de redondance ne peut pas assumer le rôle configuré.;
22456;Indicates that the configured redundancy manager adopts the role of client, anot;Signifie que le gestionnaire de redondance configuré remplit le rôle de client e;
6073;Ring opened;Anneau ouvert;
22457;Indicates that the ring has been interrupted. Redundancy is no longer effective.;Indique que l'anneau est interrompu unilatéralement. La redondance n'est plus ga;
6074;RT redundancy not effective;Redondance RT plus garantie;
22458;Indicates that the ring is not closed for RT communication. Possible causes:
 - ;Indique que l'anneau n'est pas fermé pour la communication RT. Causes possibles ;
6075;There is more than one redundancy manager in the ring;Il existe plusieurs gestionnaires de redondance au sein de l'anneau;
22459;Indicates that more than one device in the ring adopts the redundancy manager ro;Indique que plusieurs appareils assument le rôle de gestionnaire de redondance d;
6168;Sync mismatch; @5W%t#A02A-SCALANCE_X200-20090303@;Perte de synchronisation; @5W%t#A02A-SCALANCE_X200-20090303@;
22552;Help: Sync mismatch; @5W%t#A02A-SCALANCE_X200-20090303@;Aide : perte de synchronisation; @5W%t#A02A-SCALANCE_X200-20090303@;
6264;Sync slave will not be synchronized;L'esclave Sync ne sera pas synchronisé;
22648;The station is a sync slave and it is not synchronized.
Possible causes:
 - The ;La station est un esclave Sync et n'est pas synchronisée.
Causes possibles :
 - ;
6267;Station not synchronized;Station non synchrone;
22651;Synchronization is outside the range of tolerance; the reference signal is not a;La synchronisation se trouve hors de la plage de tolérance ; le signal de référe;
6360;Isochronous mode mismatch; @5W%t#A02A-SCALANCE_X200-20090303@;Erreur de synchronisme d'horloge; @5W%t#A02A-SCALANCE_X200-20090303@;
22744;Help: Isochronous mode mismatch; @5W%t#A02A-SCALANCE_X200-20090303@;Aide : erreur de synchronisme d'horloge; @5W%t#A02A-SCALANCE_X200-20090303@;
6552;Multicast CR mismatch; @5W%t#A02A-SCALANCE_X200-20090303@;Erreur Multicast CR; @5W%t#A02A-SCALANCE_X200-20090303@;
22936;Help: Multicast CR mismatch; @5W%t#A02A-SCALANCE_X200-20090303@;Aide : Erreur CR Multicast; @5W%t#A02A-SCALANCE_X200-20090303@;
6744;Reserved; @5W%t#A02A-SCALANCE_X200-20090303@;réservé; @5W%t#A02A-SCALANCE_X200-20090303@;
23128;Help: Reserved; @5W%t#A02A-SCALANCE_X200-20090303@;Aide : réservée; @5W%t#A02A-SCALANCE_X200-20090303@;
6936;Fiber optics mismatch; @5W%t#A02A-SCALANCE_X200-20090303@;Erreur fibre optique; @5W%t#A02A-SCALANCE_X200-20090303@;
23320;Help: Fiber optics mismatch; @5W%t#A02A-SCALANCE_X200-20090303@;Aide : erreur fibre optique; @5W%t#A02A-SCALANCE_X200-20090303@;
7032;FO link power margin critical;Réserve système FO critique;
23416;The FO link power margin is below the @2D%1d@ dB threshold
Remedy: Clean or repl;La réserve système FO se trouve en -dessous du seuil @2D%1d@ dB 
Solution : nett;
7128;Network component function mismatch; @5W%t#A02A-SCALANCE_X200-20090303@;Erreur de fonctionnement du composant réseau; @5W%t#A02A-SCALANCE_X200-20090303@;
23512;Help: Network component function mismatch; @5W%t#A02A-SCALANCE_X200-20090303@;Aide : erreur de fonctionnement du composant réseau; @5W%t#A02A-SCALANCE_X200-20;
7224;Data packets discarded due to overload;Paquets de données rejetés pour surcharge;
23608;At least @2D%1d@ data packets were discarded due to a lack of resources.
Possibl;@2D%1d@ paquets de données au minimum ont été rejetés en raison d'un manque temp;
7320;Time mismatch; @5W%t#A02A-SCALANCE_X200-20090303@;Erreur d'horloge; @5W%t#A02A-SCALANCE_X200-20090303@;
23704;Help: Time mismatch; @5W%t#A02A-SCALANCE_X200-20090303@;Aide : erreur de temporisation; @5W%t#A02A-SCALANCE_X200-20090303@;
8184;Inconsistent configuration / specification of the standard gateway;Configuration incohérente/Spécification du routeur par défaut;
24568;A standard gateway has been configured for at least one additional interface tha;Un autre routeur par défaut a été configuré pour au moins une autre interface. 
;
8185;Inconsistent configuration/specification of the NameOfStation;Configuration incohérente/Spécification du NameOfStation;
24569;A NameOfStation which is identical to the specification for this interface has a;Un NameOfStation a déjà été configuré /attribué pour une autre interface de ce m;
8186;Inconsistent configuration/specification of the IP address;Configuration incohérente/Spécification de l'adresse IP;
24570;An IP address which is in the same subnet as the IP address of this interface ha;Une adresse IP a déjà été configurée/attribuée pour une autre interface. Elle se;
8880;No redundant PS;Pas d'alimentation redondante;
25264;Alarm entering state when there is no redundant PS;Alarme arrivante en l'absence d'alimentation redondante;
8882;C-PLUG not found;C-PLUG introuvable;
25266;Alarm entering state when no C-PLUG was inserted;Alarme arrivante en l'absence de C-PLUG;
8884;C-PLUG defective;C-PLUG défectueux;
25268;Alarm entering state when C-PLUG is defective;Alarme arrivante lorsque le C-PLUG est défectueux;
8886;wrong C-PLUG;Le C-PLUG est incorrect;
25270;Incoming alarm when wrong C-PLUG is plugged in;Alarme apparaissante si aucun C-PLUG n'a incorrect;
2720;;;
19104;;;
2912;Short circuit;Court-circuit;
19296;Check the status of the connection lines.;Contrôlez l'état des câbles de liaison.;
3104;Low voltage;Sous-tension;
19488;Verify the power supply.;Contrôlez l'alimentation en tension.;
3296;Overvoltage;Surtension;
19680;Verify the power supply.;Contrôlez l'alimentation en tension.;
3488;Overload;Surcharge;
19872;Check the technical specifications of the  connected components and the configur;Contrôlez les caractéristiques techniques des composants liés ou le paramétrage.;
3680;Overtemperature;Surchauffe;
20064;Check the technical specifications of the connected components.;Contrôlez les caractéristiques techniques des composants liés.;
3872;Wire break;Rupture de fil;
20256;Check the status of the connection lines.;Contrôlez l'état des câbles de liaison.;
4064;High limit exceeded;Limite supérieure dépassée;
20448;Check the technical specifications of the  connected components and the configur;Contrôlez les caractéristiques techniques des composants liés ou le paramétrage.;
4256;Low limit exceeded;Limite inférieure sous-dépassée;
20640;Check the technical specifications of the  connected components and the configur;Contrôlez les caractéristiques techniques des composants liés ou le paramétrage.;
4448;Error;Erreur;
20832;;;
4640;Simulation active;Simulation active;
21024;;;
4832;Reserved;réservé;
21216;;;
5024;Reserved;réservé;
21408;;;
5216;Reserved;réservé;
21600;;;
5408;Reserved;réservé;
21792;;;
5600;Parameter missing;Paramètre manquant;
21984;;;
5792;Parameter assignment error;Erreur de paramétrage;
22176;Possible Cause: Module either not at all or incorrectly assigned parameters.  Er;Cause possible : Le module n'est pas paramétré ou est mal paramétré.  Solution :;
5984;Front connector missing, sensor or load voltage missing;Le connecteur frontal, la tension de capteur ou de charge manque.;
22368;Possible cause: Supply voltage missing or too low.  Remedy: Check front connecto;Cause possible : La tension d'alimentation manque ou est trop basse.  Solution :;
6176;Fuse defective;Fusible défectueux.;
22560;Possible Cause: User's replaceable fuse fallen.  Error remedy: Exchange the fuse;Cause possible : Le fusible échangeable par l'utilisateur est tombé.  Solution :;
6368;Communication error;Erreur de communication;
22752;Possible Cause: Communication to the module interrupted. Error remedy: Check the;Cause possible : Communication au module perturbée.  Solution : vérifiez le para;
6560;Ground error;Erreur de masse;
22944;Possible Cause: Exceeding the allowable common mode at non-isolated channels or ;Cause possible : Dépassement du Common Mode admissible pour les voies liées à la;
6752;Reference channel error;Erreur sur voie de référence;
23136;Possible Cause: Error on the reference channel. Error remedy: Check the referenc;Cause possible : Erreur sur voie de référence.  Solution : vérifiez le module de;
6944;Process interrupt lost or message error;Alarme de processus perdue ou erreur de message;
23328;Possible Cause: Frame error, parity error. Error remedy: Check the communication;Cause possible : Erreur de cadre, erreur de parité.  Solution : vérifiez les opt;
7136;Warning;Avertissement;
23520;Possible Cause: Exceeding the actuator limit value (rotational speed, load curre;Cause possible : Dépassement des seuils d'actionneur (vitesse, courant de charge;
7328;Shutoff;Arrêt;
23712;Possible Cause: Trigger a line switch due to short circuit, or asymmetry or grou;Cause possible : Déclenchement d'un disjoncteur à cause d'un court-circuit, d'un;
7520;Fail-safe shutoff;Arrêt de sécurité;
23904;Possible Cause: Trigger for fail-safe shutoff is present.  Error remedy: Elimina;Cause possible : Présence d'un déclencheur d'arrêt de sécurité.  Solution : corr;
7712;external error;Erreur externe;
24096;Possible Cause: Wire break or short circuit of the  encoder signal or encoder ca;Cause possible : Rupture de fil ou court-circuit des signaux du capteur ou câble;
7904;ambiguous error;Erreur indéfinie;
24288;Possible Cause: Teach-in process running. Alignment tool is active (for 4 IQ-SEN;Cause possible : Une procédure d'apprentissage est en cours. Une aide à l'ajusta;
8096;Reserved;réservé;
24480;;;
8288;Fault 1 in actuator/sensor;Erreur 1 dans actionneur / capteur;
24672;;;
8480;Fault 2 in actuator/sensor;Erreur 2 dans actionneur / capteur;
24864;;;
8672;Channel temporarily not available;Voie temporairement indisponible;
25056;Possible cause: Calibration, firmware update, manual operation, ...;Cause possible : Calibrage, mise à jour du firmware, mode manuel ...;
2936;Data transmission impossible; @5W%t#ET200S-20091013@;Transmission de données impossible; @5W%t#ET200S-20091013@;
19320;Help: Data transmission impossible; @5W%t#ET200S-20091013@;Aide : transmission de données impossible; @5W%t#ET200S-20091013@;
3032;No physical connection on port;Pas de connexion physique au port;
19416;Port monitoring was configured, there is however no physical connection on the p;Une surveillance de port a été configurée, mais il n'existe pas de connexion phy;
3033;Error with "Transfer medium/duplex";Erreur pour "Support de transmission/Duplex";
19417;"Transfer medium / duplex" was configured; the current port setting resulting fr;"Support de transmission / Duplex" a été configuré ; la sélection de port déterm;
3034;Error during cable data check;Erreur à la vérification des données de câble;
19418;Possible causes:
 - The discovered cable length is longer than the one configure;Causes possibles :
 - La longueur de câble déterminée dépasse celle configurée
 ;
3128;Remote mismatch; @5W%t#ET200S-20091013@;Erreur partenaire; @5W%t#ET200S-20091013@;
19512;Help: Remote mismatch; @5W%t#ET200S-20091013@;Aide : erreur partenaire; @5W%t#ET200S-20091013@;
3224;Wrong partner;Partenaire incorrect;
19608;A port interconnection was configured but a different partner was detected at th;Une connexion de port a été configurée, un autre partenaire a été déterminé pour;
3225;Wrong partner port;Port partenaire incorrect;
19609;A port interconnection was configured but a different partner port was detected ;Une connexion de port a été configurée, un autre port partenaire a été déterminé;
3226;IRT (top performance) not possible at this port;IRT (Top Performance) impossible sur ce port;
19610;Possible causes:
 - Other communications errors on this or on the partner port a;Causes possibles :
 - Autres erreurs de communication sur ce port ou sur le port;
3227;Inconsistency in "transmission medium / duplex";Incohérence pour "Support de transmission / Duplex";
19611;"Transmission medium/duplex" was configured; the local setting of the port does ;"Support de transmission/Duplex" a été configuré ; les options sélectionnées pou;
3228;Inconsistent MRP configuration / wiring;Incohérence de la configuration MRP / du câblage;
19612;MRP domain was configured; the local setting of the port does not match the sett;Domaine MRP configuré ; la sélection locale du port ne correspond pas à celle du;
3229;The neighbor could not be identified;Le voisin n'a pas pu être détecté;
19613;A port interconnection was configured but a single partner was not detected at t;Une connexion de port a été configurée, un partenaire précis n'a pas été détecté;
3230;Inconsistent MRRT configuration;Incohérence de la configuration MRRT;
19614;The MRRT feature was configured; the local setting of the port does not match th;L'attribut MRRT  a été configuré; les options sélectionnées pour le port ne sont;
3231;Difference in cable length measurement;Différence à la détermination de longueur de câble;
19615;"Transmission medium / Duplex" was configured. The two partners have cable lengt;"Support de transmission / Duplex" a été configuré. Les deux partenaires ont dét;
3248;Sync domain name used more than once;Nom de domaine Sync utilisé plusieurs fois;
19632;Two sync domains with the same name were configured in the Ethernet subnet.
Reme;Deux domaines Sync de même nom ont été configurés dans le réseau Ethernet.
Solut;
3320;Media redundancy mismatch; @5W%t#ET200S-20091013@;Erreur de redondance de supports de transmission; @5W%t#ET200S-20091013@;
19704;Help: Media redundancy mismatch; @5W%t#ET200S-20091013@;Aide : erreur de redondance de supports de transmission; @5W%t#ET200S-20091013@;
3416;Redundancy manager cannot adopt the configured role;Le gestionnaire de redondance ne peut pas assumer le rôle configuré.;
19800;Indicates that the configured redundancy manager adopts the role of client, anot;Signifie que le gestionnaire de redondance configuré remplit le rôle de client e;
3417;Ring opened;Anneau ouvert;
19801;Indicates that the ring has been interrupted. Redundancy is no longer effective.;Indique que l'anneau est interrompu unilatéralement. La redondance n'est plus ga;
3418;RT redundancy not effective;Redondance RT plus garantie;
19802;Indicates that the ring is not closed for RT communication. Possible causes:
 - ;Indique que l'anneau n'est pas fermé pour la communication RT. Causes possibles ;
3419;There is more than one redundancy manager in the ring;Il existe plusieurs gestionnaires de redondance au sein de l'anneau;
19803;Indicates that more than one device in the ring adopts the redundancy manager ro;Indique que plusieurs appareils assument le rôle de gestionnaire de redondance d;
3512;Sync mismatch; @5W%t#ET200S-20091013@;Perte de synchronisation; @5W%t#ET200S-20091013@;
19896;Help: Sync mismatch; @5W%t#ET200S-20091013@;Aide : perte de synchronisation; @5W%t#ET200S-20091013@;
3608;Sync slave will not be synchronized;L'esclave Sync ne sera pas synchronisé;
19992;The station is a sync slave and it is not synchronized.
Possible causes:
 - The ;La station est un esclave Sync et n'est pas synchronisée.
Causes possibles :
 - ;
3611;Station not synchronized;Station non synchrone;
19995;Synchronization is outside the range of tolerance; the reference signal is not a;La synchronisation se trouve hors de la plage de tolérance ; le signal de référe;
3704;Isochronous mode mismatch; @5W%t#ET200S-20091013@;Erreur de synchronisme d'horloge; @5W%t#ET200S-20091013@;
20088;Help: Isochronous mode mismatch; @5W%t#ET200S-20091013@;Aide : erreur de synchronisme d'horloge; @5W%t#ET200S-20091013@;
3896;Multicast CR mismatch; @5W%t#ET200S-20091013@;Erreur Multicast CR; @5W%t#ET200S-20091013@;
20280;Help: Multicast CR mismatch; @5W%t#ET200S-20091013@;Aide : Erreur CR Multicast; @5W%t#ET200S-20091013@;
4088;Reserved; @5W%t#ET200S-20091013@;réservé; @5W%t#ET200S-20091013@;
20472;Help: Reserved; @5W%t#ET200S-20091013@;Aide : réservée; @5W%t#ET200S-20091013@;
4280;Fiber optics mismatch; @5W%t#ET200S-20091013@;Erreur fibre optique; @5W%t#ET200S-20091013@;
20664;Help: Fiber optics mismatch; @5W%t#ET200S-20091013@;Aide : erreur fibre optique; @5W%t#ET200S-20091013@;
4376;FO link power margin critical;Réserve système FO critique;
20760;The FO link power margin is below the @2D%1d@ dB threshold
Remedy: Clean or repl;La réserve système FO se trouve en -dessous du seuil @2D%1d@ dB 
Solution : nett;
4472;Network component function mismatch; @5W%t#ET200S-20091013@;Erreur de fonctionnement du composant réseau; @5W%t#ET200S-20091013@;
20856;Help: Network component function mismatch; @5W%t#ET200S-20091013@;Aide : erreur de fonctionnement du composant réseau; @5W%t#ET200S-20091013@;
4568;Data packets discarded due to overload;Paquets de données rejetés pour surcharge;
20952;At least @2D%1d@ data packets were discarded due to a lack of resources.
Possibl;@2D%1d@ paquets de données au minimum ont été rejetés en raison d'un manque temp;
4664;Time mismatch; @5W%t#ET200S-20091013@;Erreur d'horloge; @5W%t#ET200S-20091013@;
21048;Help: Time mismatch; @5W%t#ET200S-20091013@;Aide : erreur de temporisation; @5W%t#ET200S-20091013@;
5528;Inconsistent configuration / specification of the standard gateway;Configuration incohérente/Spécification du routeur par défaut;
21912;A standard gateway has been configured for at least one additional interface tha;Un autre routeur par défaut a été configuré pour au moins une autre interface. 
;
5529;Inconsistent configuration/specification of the NameOfStation;Configuration incohérente/Spécification du NameOfStation;
21913;A NameOfStation which is identical to the specification for this interface has a;Un NameOfStation a déjà été configuré /attribué pour une autre interface de ce m;
5530;Inconsistent configuration/specification of the IP address;Configuration incohérente/Spécification de l'adresse IP;
21914;An IP address which is in the same subnet as the IP address of this interface ha;Une adresse IP a déjà été configurée/attribuée pour une autre interface. Elle se;
14304;;;
30688;;;
14496;Short circuit;Court-circuit;
30880;Check the status of the connection lines.;Contrôlez l'état des câbles de liaison.;
14688;Low voltage;Sous-tension;
31072;Verify the power supply.;Contrôlez l'alimentation en tension.;
14880;Overvoltage;Surtension;
31264;Verify the power supply.;Contrôlez l'alimentation en tension.;
15072;Overload;Surcharge;
31456;Check the technical specifications of the  connected components and the configur;Contrôlez les caractéristiques techniques des composants liés ou le paramétrage.;
15264;Overtemperature;Surchauffe;
31648;Check the technical specifications of the connected components.;Contrôlez les caractéristiques techniques des composants liés.;
15456;Wire break;Rupture de fil;
31840;Check the status of the connection lines.;Contrôlez l'état des câbles de liaison.;
15648;High limit exceeded;Limite supérieure dépassée;
32032;Check the technical specifications of the  connected components and the configur;Contrôlez les caractéristiques techniques des composants liés ou le paramétrage.;
15840;Low limit exceeded;Limite inférieure sous-dépassée;
32224;Check the technical specifications of the  connected components and the configur;Contrôlez les caractéristiques techniques des composants liés ou le paramétrage.;
16032;Error;Erreur;
32416;;;
16224;Simulation active;Simulation active;
32608;;;
104;Reserved;réservé;
16488;;;
296;Reserved;réservé;
16680;;;
488;Reserved;réservé;
16872;;;
680;Reserved;réservé;
17064;;;
872;Parameter missing;Paramètre manquant;
17256;;;
1064;Parameter assignment error;Erreur de parametrage;
17448;;;
1256;Sensor or load voltage missing;Absence tension de capteur ou charge;
17640;;;
1448;Fuse defective;Fusible defectueux;
17832;;;
1640;Slot not addressable;Erreur de communication;
18024;;;
1832;Ground error;Erreur de masse;
18216;;;
2024;Reference channel error;Erreur voie de reference;
18408;;;
2216;Process interrupt lost;Alarme processus perdue;
18600;;;
2408;Warning;Attention;
18792;;;
2600;Shutoff;Arrêt;
18984;;;
2792;Fail-safe shutoff;Arrêt de sécurité;
19176;;;
2984;external error;Defaut externe;
19368;;;
3176;ambiguous error;Defaut non specifie;
19560;;;
3368;Reserved;réservé;
19752;;;
3560;Actuator/sensor fault 1;Défaut 1 de l'actionn./du capt.;
19944;;;
3752;Fault 2 in actuator/sensor;Erreur 2 dans actionneur / capteur;
20136;;;
3944;Channel temporary error;Channel temporary error;
20328;;;
14520;Data transmission impossible; @5W%t#et200pro-20140922@;Transmission de données impossible; @5W%t#et200pro-20140922@;
30904;Help: Data transmission impossible; @5W%t#et200pro-20140922@;Aide : transmission de données impossible; @5W%t#et200pro-20140922@;
14616;No physical connection on port;Pas de connexion physique au port;
31000;Port monitoring was configured, there is however no physical connection on the p;Une surveillance de port a été configurée, mais il n'existe pas de connexion phy;
14617;Error with "Transfer medium/duplex";Erreur pour "Support de transmission/Duplex";
31001;"Transfer medium / duplex" was configured; the current port setting resulting fr;"Support de transmission / Duplex" a été configuré ; la sélection de port déterm;
14618;Error during cable data check;Erreur à la vérification des données de câble;
31002;Possible causes:
 - The discovered cable length is longer than the one configure;Causes possibles :
 - La longueur de câble déterminée dépasse celle configurée
 ;
14712;Remote mismatch; @5W%t#et200pro-20140922@;Erreur partenaire; @5W%t#et200pro-20140922@;
31096;Help: Remote mismatch; @5W%t#et200pro-20140922@;Aide : erreur partenaire; @5W%t#et200pro-20140922@;
14808;Wrong partner;Partenaire incorrect;
31192;A port interconnection was configured but a different partner was detected at th;Une connexion de port a été configurée, un autre partenaire a été déterminé pour;
14809;Wrong partner port;Port partenaire incorrect;
31193;A port interconnection was configured but a different partner port was detected ;Une connexion de port a été configurée, un autre port partenaire a été déterminé;
14810;IRT (top performance) not possible at this port;IRT (Top Performance) impossible sur ce port;
31194;Possible causes:
 - Other communications errors on this or on the partner port a;Causes possibles :
 - Autres erreurs de communication sur ce port ou sur le port;
14811;Inconsistency in "transmission medium / duplex";Incohérence pour "Support de transmission / Duplex";
31195;"Transmission medium/duplex" was configured; the local setting of the port does ;"Support de transmission/Duplex" a été configuré ; les options sélectionnées pou;
14812;Inconsistent MRP configuration / wiring;Incohérence de la configuration MRP / du câblage;
31196;MRP domain was configured; the local setting of the port does not match the sett;Domaine MRP configuré ; la sélection locale du port ne correspond pas à celle du;
14813;The neighbor could not be identified;Le voisin n'a pas pu être détecté;
31197;A port interconnection was configured but a single partner was not detected at t;Une connexion de port a été configurée, un partenaire précis n'a pas été détecté;
14814;Inconsistent MRRT configuration;Incohérence de la configuration MRRT;
31198;The MRRT feature was configured; the local setting of the port does not match th;L'attribut MRRT  a été configuré; les options sélectionnées pour le port ne sont;
14815;Difference in cable length measurement;Différence à la détermination de longueur de câble;
31199;"Transmission medium / Duplex" was configured. The two partners have cable lengt;"Support de transmission / Duplex" a été configuré. Les deux partenaires ont dét;
14832;Sync domain name used more than once;Nom de domaine Sync utilisé plusieurs fois;
31216;Two sync domains with the same name were configured in the Ethernet subnet.
Reme;Deux domaines Sync de même nom ont été configurés dans le réseau Ethernet.
Solut;
14904;Media redundancy mismatch; @5W%t#et200pro-20140922@;Erreur de redondance de supports de transmission; @5W%t#et200pro-20140922@;
31288;Help: Media redundancy mismatch; @5W%t#et200pro-20140922@;Aide : erreur de redondance de supports de transmission; @5W%t#et200pro-20140922;
15000;Redundancy manager cannot adopt the configured role;Le gestionnaire de redondance ne peut pas assumer le rôle configuré.;
31384;Indicates that the configured redundancy manager adopts the role of client, anot;Signifie que le gestionnaire de redondance configuré remplit le rôle de client e;
15001;Ring opened;Anneau ouvert;
31385;Indicates that the ring has been interrupted. Redundancy is no longer effective.;Indique que l'anneau est interrompu unilatéralement. La redondance n'est plus ga;
15002;RT redundancy not effective;Redondance RT plus garantie;
31386;Indicates that the ring is not closed for RT communication. Possible causes:
 - ;Indique que l'anneau n'est pas fermé pour la communication RT. Causes possibles ;
15003;There is more than one redundancy manager in the ring;Il existe plusieurs gestionnaires de redondance au sein de l'anneau;
31387;Indicates that more than one device in the ring adopts the redundancy manager ro;Indique que plusieurs appareils assument le rôle de gestionnaire de redondance d;
15096;Sync mismatch; @5W%t#et200pro-20140922@;Perte de synchronisation; @5W%t#et200pro-20140922@;
31480;Help: Sync mismatch; @5W%t#et200pro-20140922@;Aide : perte de synchronisation; @5W%t#et200pro-20140922@;
15192;Sync slave will not be synchronized;L'esclave Sync ne sera pas synchronisé;
31576;The station is a sync slave and it is not synchronized.
Possible causes:
 - The ;La station est un esclave Sync et n'est pas synchronisée.
Causes possibles :
 - ;
15195;Station not synchronized;Station non synchrone;
31579;Synchronization is outside the range of tolerance; the reference signal is not a;La synchronisation se trouve hors de la plage de tolérance ; le signal de référe;
15288;Isochronous mode mismatch; @5W%t#et200pro-20140922@;Erreur de synchronisme d'horloge; @5W%t#et200pro-20140922@;
31672;Help: Isochronous mode mismatch; @5W%t#et200pro-20140922@;Aide : erreur de synchronisme d'horloge; @5W%t#et200pro-20140922@;
15480;Multicast CR mismatch; @5W%t#et200pro-20140922@;Erreur Multicast CR; @5W%t#et200pro-20140922@;
31864;Help: Multicast CR mismatch; @5W%t#et200pro-20140922@;Aide : Erreur CR Multicast; @5W%t#et200pro-20140922@;
15672;Reserved; @5W%t#et200pro-20140922@;réservé; @5W%t#et200pro-20140922@;
32056;Help: Reserved; @5W%t#et200pro-20140922@;Aide : réservée; @5W%t#et200pro-20140922@;
15864;Fiber optics mismatch; @5W%t#et200pro-20140922@;Erreur fibre optique; @5W%t#et200pro-20140922@;
32248;Help: Fiber optics mismatch; @5W%t#et200pro-20140922@;Aide : erreur fibre optique; @5W%t#et200pro-20140922@;
15960;FO link power margin critical;Réserve système FO critique;
32344;The FO link power margin is below the @2D%1d@ dB threshold
Remedy: Clean or repl;La réserve système FO se trouve en -dessous du seuil @2D%1d@ dB 
Solution : nett;
16056;Network component function mismatch; @5W%t#et200pro-20140922@;Erreur de fonctionnement du composant réseau; @5W%t#et200pro-20140922@;
32440;Help: Network component function mismatch; @5W%t#et200pro-20140922@;Aide : erreur de fonctionnement du composant réseau; @5W%t#et200pro-20140922@;
16152;Data packets discarded due to overload;Paquets de données rejetés pour surcharge;
32536;At least @2D%1d@ data packets were discarded due to a lack of resources.
Possibl;@2D%1d@ paquets de données au minimum ont été rejetés en raison d'un manque temp;
16248;Time mismatch; @5W%t#et200pro-20140922@;Erreur d'horloge; @5W%t#et200pro-20140922@;
32632;Help: Time mismatch; @5W%t#et200pro-20140922@;Aide : erreur de temporisation; @5W%t#et200pro-20140922@;
800;Inconsistent configuration / specification of the standard gateway;Configuration incohérente/Spécification du routeur par défaut;
17184;A standard gateway has been configured for at least one additional interface tha;Un autre routeur par défaut a été configuré pour au moins une autre interface. 
;
801;Inconsistent configuration/specification of the NameOfStation;Configuration incohérente/Spécification du NameOfStation;
17185;A NameOfStation which is identical to the specification for this interface has a;Un NameOfStation a déjà été configuré /attribué pour une autre interface de ce m;
802;Inconsistent configuration/specification of the IP address;Configuration incohérente/Spécification de l'adresse IP;
17186;An IP address which is in the same subnet as the IP address of this interface ha;Une adresse IP a déjà été configurée/attribuée pour une autre interface. Elle se;
15464;;;
31848;;;
15656;Short circuit;Court-circuit;
32040;Check the status of the connection lines.;Contrôlez l'état des câbles de liaison.;
15848;Low voltage;Sous-tension;
32232;Verify the power supply.;Contrôlez l'alimentation en tension.;
16040;Overvoltage;Surtension;
32424;Verify the power supply.;Contrôlez l'alimentation en tension.;
16232;Overload;Surcharge;
32616;Check the technical specifications of the  connected components and the configur;Contrôlez les caractéristiques techniques des composants liés ou le paramétrage.;
112;Overtemperature;Surchauffe;
16496;Check the technical specifications of the connected components.;Contrôlez les caractéristiques techniques des composants liés.;
304;Wire break;Rupture de fil;
16688;Check the status of the connection lines.;Contrôlez l'état des câbles de liaison.;
496;High limit exceeded;Limite supérieure dépassée;
16880;Check the technical specifications of the  connected components and the configur;Contrôlez les caractéristiques techniques des composants liés ou le paramétrage.;
688;Low limit exceeded;Limite inférieure sous-dépassée;
17072;Check the technical specifications of the  connected components and the configur;Contrôlez les caractéristiques techniques des composants liés ou le paramétrage.;
880;Error;Erreur;
17264;;;
1072;Simulation active;Simulation active;
17456;;;
1264;Reserved;réservé;
17648;;;
1456;Reserved;réservé;
17840;;;
1648;Reserved;réservé;
18032;;;
1840;Reserved;réservé;
18224;;;
2032;Parameter missing;Paramètre manquant;
18416;;;
2224;Parameter assignment error;Erreur de paramétrage;
18608;Cause: Bad module parameter. Remedy: Check and correct parameter. Then reload.;Cause : paramètres de module incorrects. Solution : vérifiez et corrigez les par;
2416;Power supply fault;Absence de tension capteur ou de charge;
18800;Cause: No power supply. Remedy: Check wiring or turn on power supply.;Cause : absence de tension d'alimentation. Solution : vérifiez le câblage ou bra;
2608;Fuse blown / open;Fusible defectueux;
18992;Cause: Overload. Remedy: Remove cause of overload. The replace fuse.;Cause : surcharge. Solution : supprimez la cause de la surcharge. Remplacez ensu;
2800;Slot cannot be addressed;Emplacement non accessible;
19184;Cause: Communication error with various possible causes. Remedy: Depends on caus;Cause : erreur de communication à cause multiple. Solution : dépend de la cause.;
2992;Ground fault;Défaut à la masse;
19376;Cause: Common mode voltage exceeded or M cable disconnected. Remedy: Check wirin;Cause : dépassement de la tension mode commun ou rupture du câble M. Solution : ;
3184;Reference point list;Erreur de voie de référence;
19568;Cause: Error on reference channel. Remedy: See manual.;Cause : erreur de voie de référence. Solution : voir le manuel.;
3376;Process event lost / sampling error;Alarme de processus perdue;
19760;Cause: Hardware interrupt. Remedy: Change interrupt handling of the CPU or chang;Cause : alarme de processus. Solution : modifiez le traitement de l'alarme par l;
3568;Threshold warning;Avertissement actionneur;
19952;Cause: Actuator signaling a limit value violation. Remedy: Check interaction of ;Cause : actionneur signale un dépassement d'une valeur limite. Solution : vérifi;
3760;Output disabled;Coupure actionneur;
20144;Cause: Problem detected on actuator. Remedy: Find and eliminate cause.;Cause : problème d'actionneur détecté. Solution : supprimez la cause du problème;
3952;Safety event;Arrêt de sécurité;
20336;Cause: Error detected on channel. Remedy: Check channel and correct problem..;Cause : erreur de voie détectée. Solution : vérifiez la voie et supprimez l'erre;
4144;External fault;Défaut externe;
20528;Cause: Problem detected on sensor/actuator. Remedy: Replace sensor/actuator or c;Cause : Erreur de capteur/actionneur détectée. Solution : remplacez le capteur/a;
4336;Unidentified error;Défaut non spécifié;
20720;Cause: Cannot be specified in greater detail. Remedy: See manual.;Cause : ne peut être spécifiée. Solution : voir le manuel.;
4528;Reserved;réservé;
20912;;;
4720;Fault 1 in actuator/sensor;Erreur 1 dans actionneur / capteur;
21104;;;
4912;Fault 2 in actuator/sensor;Erreur 2 dans actionneur / capteur;
21296;;;
5104;Temporary error;Erreur temporaire;
21488;;;
11440;Mismatch of safety destination address (F_Dest_Add);Mismatch of safety destination address (F_Dest_Add);
27824;Help;Help;
12976;Device specific diagnosis information, see manual;Device specific diagnosis information, see manual;
29360;Help;Help;
15680;Data transmission impossible; @5W%t#ML-V2.25-Festo-CPX-20121203@;Transmission de données impossible; @5W%t#ML-V2.25-Festo-CPX-20121203@;
32064;Help: Data transmission impossible; @5W%t#ML-V2.25-Festo-CPX-20121203@;Aide : transmission de données impossible; @5W%t#ML-V2.25-Festo-CPX-20121203@;
15776;No physical connection on port;Pas de connexion physique au port;
32160;Port monitoring was configured, there is however no physical connection on the p;Une surveillance de port a été configurée, mais il n'existe pas de connexion phy;
15777;Error with "Transfer medium/duplex";Erreur pour "Support de transmission/Duplex";
32161;"Transfer medium / duplex" was configured; the current port setting resulting fr;"Support de transmission / Duplex" a été configuré ; la sélection de port déterm;
15778;Error during cable data check;Erreur à la vérification des données de câble;
32162;Possible causes:
 - The discovered cable length is longer than the one configure;Causes possibles :
 - La longueur de câble déterminée dépasse celle configurée
 ;
15872;Remote mismatch; @5W%t#ML-V2.25-Festo-CPX-20121203@;Erreur partenaire; @5W%t#ML-V2.25-Festo-CPX-20121203@;
32256;Help: Remote mismatch; @5W%t#ML-V2.25-Festo-CPX-20121203@;Aide : erreur partenaire; @5W%t#ML-V2.25-Festo-CPX-20121203@;
15968;Wrong partner;Partenaire incorrect;
32352;A port interconnection was configured but a different partner was detected at th;Une connexion de port a été configurée, un autre partenaire a été déterminé pour;
15969;Wrong partner port;Port partenaire incorrect;
32353;A port interconnection was configured but a different partner port was detected ;Une connexion de port a été configurée, un autre port partenaire a été déterminé;
15970;IRT (top performance) not possible at this port;IRT (Top Performance) impossible sur ce port;
32354;Possible causes:
 - Other communications errors on this or on the partner port a;Causes possibles :
 - Autres erreurs de communication sur ce port ou sur le port;
15971;Inconsistency in "transmission medium / duplex";Incohérence pour "Support de transmission / Duplex";
32355;"Transmission medium/duplex" was configured; the local setting of the port does ;"Support de transmission/Duplex" a été configuré ; les options sélectionnées pou;
15972;Inconsistent MRP configuration / wiring;Incohérence de la configuration MRP / du câblage;
32356;MRP domain was configured; the local setting of the port does not match the sett;Domaine MRP configuré ; la sélection locale du port ne correspond pas à celle du;
15973;The neighbor could not be identified;Le voisin n'a pas pu être détecté;
32357;A port interconnection was configured but a single partner was not detected at t;Une connexion de port a été configurée, un partenaire précis n'a pas été détecté;
15974;Inconsistent MRRT configuration;Incohérence de la configuration MRRT;
32358;The MRRT feature was configured; the local setting of the port does not match th;L'attribut MRRT  a été configuré; les options sélectionnées pour le port ne sont;
15975;Difference in cable length measurement;Différence à la détermination de longueur de câble;
32359;"Transmission medium / Duplex" was configured. The two partners have cable lengt;"Support de transmission / Duplex" a été configuré. Les deux partenaires ont dét;
15992;Sync domain name used more than once;Nom de domaine Sync utilisé plusieurs fois;
32376;Two sync domains with the same name were configured in the Ethernet subnet.
Reme;Deux domaines Sync de même nom ont été configurés dans le réseau Ethernet.
Solut;
16064;Media redundancy mismatch; @5W%t#ML-V2.25-Festo-CPX-20121203@;Erreur de redondance de supports de transmission; @5W%t#ML-V2.25-Festo-CPX-20121203@;
32448;Help: Media redundancy mismatch; @5W%t#ML-V2.25-Festo-CPX-20121203@;Aide : erreur de redondance de supports de transmission; @5W%t#ML-V2.25-Festo-CP;
16160;Redundancy manager cannot adopt the configured role;Le gestionnaire de redondance ne peut pas assumer le rôle configuré.;
32544;Indicates that the configured redundancy manager adopts the role of client, anot;Signifie que le gestionnaire de redondance configuré remplit le rôle de client e;
16161;Ring opened;Anneau ouvert;
32545;Indicates that the ring has been interrupted. Redundancy is no longer effective.;Indique que l'anneau est interrompu unilatéralement. La redondance n'est plus ga;
16162;RT redundancy not effective;Redondance RT plus garantie;
32546;Indicates that the ring is not closed for RT communication. Possible causes:
 - ;Indique que l'anneau n'est pas fermé pour la communication RT. Causes possibles ;
16163;There is more than one redundancy manager in the ring;Il existe plusieurs gestionnaires de redondance au sein de l'anneau;
32547;Indicates that more than one device in the ring adopts the redundancy manager ro;Indique que plusieurs appareils assument le rôle de gestionnaire de redondance d;
16256;Sync mismatch; @5W%t#ML-V2.25-Festo-CPX-20121203@;Perte de synchronisation; @5W%t#ML-V2.25-Festo-CPX-20121203@;
32640;Help: Sync mismatch; @5W%t#ML-V2.25-Festo-CPX-20121203@;Aide : perte de synchronisation; @5W%t#ML-V2.25-Festo-CPX-20121203@;
40;Sync slave will not be synchronized;L'esclave Sync ne sera pas synchronisé;
16424;The station is a sync slave and it is not synchronized.
Possible causes:
 - The ;La station est un esclave Sync et n'est pas synchronisée.
Causes possibles :
 - ;
43;Station not synchronized;Station non synchrone;
16427;Synchronization is outside the range of tolerance; the reference signal is not a;La synchronisation se trouve hors de la plage de tolérance ; le signal de référe;
136;Isochronous mode mismatch; @5W%t#ML-V2.25-Festo-CPX-20121203@;Erreur de synchronisme d'horloge; @5W%t#ML-V2.25-Festo-CPX-20121203@;
16520;Help: Isochronous mode mismatch; @5W%t#ML-V2.25-Festo-CPX-20121203@;Aide : erreur de synchronisme d'horloge; @5W%t#ML-V2.25-Festo-CPX-20121203@;
328;Multicast CR mismatch; @5W%t#ML-V2.25-Festo-CPX-20121203@;Erreur Multicast CR; @5W%t#ML-V2.25-Festo-CPX-20121203@;
16712;Help: Multicast CR mismatch; @5W%t#ML-V2.25-Festo-CPX-20121203@;Aide : Erreur CR Multicast; @5W%t#ML-V2.25-Festo-CPX-20121203@;
520;Reserved; @5W%t#ML-V2.25-Festo-CPX-20121203@;réservé; @5W%t#ML-V2.25-Festo-CPX-20121203@;
16904;Help: Reserved; @5W%t#ML-V2.25-Festo-CPX-20121203@;Aide : réservée; @5W%t#ML-V2.25-Festo-CPX-20121203@;
712;Fiber optics mismatch; @5W%t#ML-V2.25-Festo-CPX-20121203@;Erreur fibre optique; @5W%t#ML-V2.25-Festo-CPX-20121203@;
17096;Help: Fiber optics mismatch; @5W%t#ML-V2.25-Festo-CPX-20121203@;Aide : erreur fibre optique; @5W%t#ML-V2.25-Festo-CPX-20121203@;
808;FO link power margin critical;Réserve système FO critique;
17192;The FO link power margin is below the @2D%1d@ dB threshold
Remedy: Clean or repl;La réserve système FO se trouve en -dessous du seuil @2D%1d@ dB 
Solution : nett;
904;Network component function mismatch; @5W%t#ML-V2.25-Festo-CPX-20121203@;Erreur de fonctionnement du composant réseau; @5W%t#ML-V2.25-Festo-CPX-20121203@;
17288;Help: Network component function mismatch; @5W%t#ML-V2.25-Festo-CPX-20121203@;Aide : erreur de fonctionnement du composant réseau; @5W%t#ML-V2.25-Festo-CPX-20;
1000;Data packets discarded due to overload;Paquets de données rejetés pour surcharge;
17384;At least @2D%1d@ data packets were discarded due to a lack of resources.
Possibl;@2D%1d@ paquets de données au minimum ont été rejetés en raison d'un manque temp;
1096;Time mismatch; @5W%t#ML-V2.25-Festo-CPX-20121203@;Erreur d'horloge; @5W%t#ML-V2.25-Festo-CPX-20121203@;
17480;Help: Time mismatch; @5W%t#ML-V2.25-Festo-CPX-20121203@;Aide : erreur de temporisation; @5W%t#ML-V2.25-Festo-CPX-20121203@;
1960;Inconsistent configuration / specification of the standard gateway;Configuration incohérente/Spécification du routeur par défaut;
18344;A standard gateway has been configured for at least one additional interface tha;Un autre routeur par défaut a été configuré pour au moins une autre interface. 
;
1961;Inconsistent configuration/specification of the NameOfStation;Configuration incohérente/Spécification du NameOfStation;
18345;A NameOfStation which is identical to the specification for this interface has a;Un NameOfStation a déjà été configuré /attribué pour une autre interface de ce m;
1962;Inconsistent configuration/specification of the IP address;Configuration incohérente/Spécification de l'adresse IP;
18346;An IP address which is in the same subnet as the IP address of this interface ha;Une adresse IP a déjà été configurée/attribuée pour une autre interface. Elle se;
5584;No error;No error;
21968;Help;Help;
5586;General diagnosis;General diagnosis;
21970;Help;Help;
5588;Short circuit;Short circuit;
21972;Help;Help;
5590;Wire fracture/idling current I/O;Wire fracture/idling current I/O;
21974;Help;Help;
5608;Short circuit in actuator supply;Short circuit in actuator supply;
21992;Help;Help;
5610;Undervoltage in power supply;Undervoltage in power supply;
21994;Help;Help;
5612;Unknown CBUS error (6);Unknown CBUS error (6);
21996;Help;Help;
5614;Unknown CBUS error (7);Unknown CBUS error (7);
21998;Help;Help;
5632;Unknown CBUS error (8);Unknown CBUS error (8);
22016;Help;Help;
5634;Lower limit exceeded;Lower limit exceeded;
22018;Help;Help;
5636;Upper limit exceeded;Upper limit exceeded;
22020;Help;Help;
5638;Short circuit valve;Short circuit valve;
22022;Help;Help;
5656;Pilot valve function warning;Pilot valve function warning;
22040;Help;Help;
5658;Wire fracture (open load);Wire fracture (open load);
22042;Help;Help;
5660;Condition counter exceeded;Condition counter exceeded;
22044;Help;Help;
5662;Module/channel failure;Module/channel failure;
22046;Help;Help;
5680;Module code incorrect;Module code incorrect;
22064;Help;Help;
5682;I/O length incorrect;I/O length incorrect;
22066;Help;Help;
5684;Address range exceeded;Address range exceeded;
22068;Help;Help;
5686;Life cycle exceeded;Life cycle exceeded;
22070;Help;Help;
5704;Fault in parametrizing signal range;Fault in parametrizing signal range;
22088;Help;Help;
5706;Fault in parametrizing data format;Fault in parametrizing data format;
22090;Help;Help;
5708;Fault in parametrizing linear scaling;Fault in parametrizing linear scaling;
22092;Help;Help;
5710;Fault in filter meas.value;Fault in filter meas.value;
22094;Help;Help;
5728;Fault in parametrizing lower limit;Fault in parametrizing lower limit;
22112;Help;Help;
5730;Fault in parametrizing upper limit;Fault in parametrizing upper limit;
22114;Help;Help;
5732;Fault in actuator supply;Fault in actuator supply;
22116;Help;Help;
5734;Wrong device type mounted;Wrong device type mounted;
22118;Help;Help;
5752;Alarm value reached;Alarm value reached;
22136;Help;Help;
5754;Fault in parametrizing;Fault in parametrizing;
22138;Help;Help;
5756;No new output data (slave);No new output data (slave);
22140;Help;Help;
5758;No bus connection (slave);No bus connection (slave);
22142;Help;Help;
5776;No STI read access (slave);No STI read access (slave);
22160;Help;Help;
5778;No parameter access (slave);No parameter access (slave);
22162;Help;Help;
5780;CP module lost / fault;CP module lost / fault;
22164;Help;Help;
5782;CP configuration failure;CP configuration failure;
22166;Help;Help;
5800;Short circuit CP-line;Short circuit CP-line;
22184;Help;Help;
5802;Fault in controlling;Fault in controlling;
22186;Help;Help;
5804;Missing valve;Missing valve;
22188;Help;Help;
5806;Maintanance required;Maintanance required;
22190;Help;Help;
5824;Life Guard;Life Guard;
22208;Help;Help;
5826;Heart Beat;Heart Beat;
22210;Help;Help;
5828;Com Cycle Period (Sync);Com Cycle Period (Sync);
22212;Help;Help;
5830;CAN Overrun (Objects lost);CAN Overrun (Objects lost);
22214;Help;Help;
5848;Invalid PDO received;Invalid PDO received;
22232;Help;Help;
5850;CAN WarnLimit reached;CAN WarnLimit reached;
22234;Help;Help;
5852;CAN recovered from BusOff;CAN recovered from BusOff;
22236;Help;Help;
5854;Bus Power lost;Bus Power lost;
22238;Help;Help;
5872;Fault in Calibration;Fault in Calibration;
22256;Help;Help;
5874;Lower drop out signal;Lower drop out signal;
22258;Help;Help;
5876;Upper drop out signal;Upper drop out signal;
22260;Help;Help;
5878;Sensor limit exceeded;Sensor limit exceeded;
22262;Help;Help;
5896;Short circuit cold junction comp.;Short circuit cold junction comp.;
22280;Help;Help;
5898;Open load cold junction comp.;Open load cold junction comp.;
22282;Help;Help;
5900;Calibration data incorrect;Calibration data incorrect;
22284;Help;Help;
5902;Invalid process value;Invalid process value;
22286;Help;Help;
5920;Short circuit I-Port;Short circuit I-Port;
22304;Help;Help;
5922;Device missing / failure;Device missing / failure;
22306;Help;Help;
5924;I-Port configuration error;I-Port configuration error;
22308;Help;Help;
5926;Input overload;Input overload;
22310;Help;Help;
5944;Signal underflow/overflow;Signal underflow/overflow;
22328;Help;Help;
5946;Overvoltage in power supply;Overvoltage in power supply;
22330;Help;Help;
5948;Overflow in time measurement;Overflow in time measurement;
22332;Help;Help;
5950;Object failure;Object failure;
22334;Help;Help;
5968;Number of Modules incorrect;Number of Modules incorrect;
22352;Help;Help;
5970;Mismatch of safety destination address (F_Dest_Add);Mismatch of safety destination address (F_Dest_Add);
22354;Help;Help;
5972;F-Communication fault;F-Communication fault;
22356;Help;Help;
5974;F-Communication timeout;F-Communication timeout;
22358;Help;Help;
5992;Leakage current;Leakage current;
22376;Help;Help;
5994;F-Parameter fault;F-Parameter fault;
22378;Help;Help;
5996;CC-L: Station equip.status incorrect;CC-L: Station equip.status incorrect;
22380;Help;Help;
5998;CC-L: Bus connection lost;CC-L: Bus connection lost;
22382;Help;Help;
6016;SSI-parity error;SSI-parity error;
22400;Help;Help;
6018;limit monitoring;limit monitoring;
22402;Help;Help;
6020;limit exceeded in measure duty cycle;limit exceeded in measure duty cycle;
22404;Help;Help;
6022;Error without errortext (75);Error without errortext (75);
22406;Help;Help;
6040;Error without errortext (76);Error without errortext (76);
22424;Help;Help;
6042;Error without errortext (77);Error without errortext (77);
22426;Help;Help;
6044;Value out of range;Value out of range;
22428;Help;Help;
6046;Error without errortext (79);Error without errortext (79);
22430;Help;Help;
6064;Function failure;Function failure;
22448;Help;Help;
6184;Configuration error;Configuration error;
22568;Help;Help;
6186;Execution error;Execution error;
22570;Help;Help;
6188;Record error;Record error;
22572;Help;Help;
6190;Control error;Control error;
22574;Help;Help;
6208;System error A;System error A;
22592;Help;Help;
6210;System error B;System error B;
22594;Help;Help;
6212;Error in valve;Error in valve;
22596;Help;Help;
6214;Controller error;Controller error;
22598;Help;Help;
6232;Encoder error;Encoder error;
22616;Help;Help;
6234;Error motor or power stage;Error motor or power stage;
22618;Help;Help;
6236;Error without errortext (110);Error without errortext (110);
22620;Help;Help;
6238;Error without errortext (111);Error without errortext (111);
22622;Help;Help;
6256;Error without errortext (112);Error without errortext (112);
22640;Help;Help;
6258;Error without errortext (113);Error without errortext (113);
22642;Help;Help;
6260;Error without errortext (114);Error without errortext (114);
22644;Help;Help;
6262;Subsystem module/channel failure;Subsystem module/channel failure;
22646;Help;Help;
6280;Error without errortext (116);Error without errortext (116);
22664;Help;Help;
6282;Error without errortext (117);Error without errortext (117);
22666;Help;Help;
6284;Error without errortext (118);Error without errortext (118);
22668;Help;Help;
6286;Error without errortext (119);Error without errortext (119);
22670;Help;Help;
6304;Error without errortext (120);Error without errortext (120);
22688;Help;Help;
6306;Error without errortext (121);Error without errortext (121);
22690;Help;Help;
6308;Error without errortext (122);Error without errortext (122);
22692;Help;Help;
6310;Error without errortext (123);Error without errortext (123);
22694;Help;Help;
6328;Error without errortext (124);Error without errortext (124);
22712;Help;Help;
6330;Error without errortext (125);Error without errortext (125);
22714;Help;Help;
6332;Error without errortext (126);Error without errortext (126);
22716;Help;Help;
6334;Error without errortext (127);Error without errortext (127);
22718;Help;Help;
6352;Switch unit defective;Switch unit defective;
22736;Help;Help;
6354;CBUS asic not ready;CBUS asic not ready;
22738;Help;Help;
6356;CPU Hardware Trap;CPU Hardware Trap;
22740;Help;Help;
6358;CBUS C-manager not ready;CBUS C-manager not ready;
22742;Help;Help;
6376;Watchdog overflow;Watchdog overflow;
22760;Help;Help;
6378;Remanent memory defective;Remanent memory defective;
22762;Help;Help;
6380;Flash system memory defective;Flash system memory defective;
22764;Help;Help;
6382;Number of mod.params.more than 64;Number of mod.params.more than 64;
22766;Help;Help;
6400;Slave not ready;Slave not ready;
22784;Help;Help;
6402;CBUS diagnostic telegram;CBUS diagnostic telegram;
22786;Help;Help;
6404;CBUS init fault (gap);CBUS init fault (gap);
22788;Help;Help;
6406;Order queue full;Order queue full;
22790;Help;Help;
6424;CBUS-EEPROM error;CBUS-EEPROM error;
22808;Help;Help;
6426;CBUS C-timeout error;CBUS C-timeout error;
22810;Help;Help;
6428;CBUS telegram fault;CBUS telegram fault;
22812;Help;Help;
6430;BIU access error;BIU access error;
22814;Help;Help;
6448;Licence error;Licence error;
22832;Help;Help;
6450;Built-in self test failed;Built-in self test failed;
22834;Help;Help;
6452;Error without errortext (146);Error without errortext (146);
22836;Help;Help;
6454;Error without errortext (147);Error without errortext (147);
22838;Help;Help;
6472;Error without errortext (148);Error without errortext (148);
22856;Help;Help;
6474;Error without errortext (149);Error without errortext (149);
22858;Help;Help;
6476;NETOS fatal error;NETOS fatal error;
22860;Help;Help;
6478;Error without errortext (151);Error without errortext (151);
22862;Help;Help;
6496;Error without errortext (152);Error without errortext (152);
22880;Help;Help;
6498;Error without errortext (153);Error without errortext (153);
22882;Help;Help;
6500;Error without errortext (154);Error without errortext (154);
22884;Help;Help;
6502;Error without errortext (155);Error without errortext (155);
22886;Help;Help;
6520;Error without errortext (156);Error without errortext (156);
22904;Help;Help;
6522;Error without errortext (157);Error without errortext (157);
22906;Help;Help;
6524;Error without errortext (158);Error without errortext (158);
22908;Help;Help;
6526;Error without errortext (159);Error without errortext (159);
22910;Help;Help;
6544;Error without errortext (160);Error without errortext (160);
22928;Help;Help;
6546;Error without errortext (161);Error without errortext (161);
22930;Help;Help;
6548;Error without errortext (162);Error without errortext (162);
22932;Help;Help;
6550;Error without errortext (163);Error without errortext (163);
22934;Help;Help;
6568;Error without errortext (164);Error without errortext (164);
22952;Help;Help;
6570;Error without errortext (165);Error without errortext (165);
22954;Help;Help;
6572;Error without errortext (166);Error without errortext (166);
22956;Help;Help;
6574;Error without errortext (167);Error without errortext (167);
22958;Help;Help;
6592;Error without errortext (168);Error without errortext (168);
22976;Help;Help;
6594;Error without errortext (169);Error without errortext (169);
22978;Help;Help;
6596;Error without errortext (170);Error without errortext (170);
22980;Help;Help;
6598;Error without errortext (171);Error without errortext (171);
22982;Help;Help;
6616;Error without errortext (172);Error without errortext (172);
23000;Help;Help;
6618;Error without errortext (173);Error without errortext (173);
23002;Help;Help;
6620;Error without errortext (174);Error without errortext (174);
23004;Help;Help;
6622;Error without errortext (175);Error without errortext (175);
23006;Help;Help;
6640;Error without errortext (176);Error without errortext (176);
23024;Help;Help;
6642;Error without errortext (177);Error without errortext (177);
23026;Help;Help;
6644;Error without errortext (178);Error without errortext (178);
23028;Help;Help;
6646;Error without errortext (179);Error without errortext (179);
23030;Help;Help;
6664;Error without errortext (180);Error without errortext (180);
23048;Help;Help;
6666;Error without errortext (181);Error without errortext (181);
23050;Help;Help;
6668;Error without errortext (182);Error without errortext (182);
23052;Help;Help;
6670;Error without errortext (183);Error without errortext (183);
23054;Help;Help;
6688;Error without errortext (184);Error without errortext (184);
23072;Help;Help;
6690;Error without errortext (185);Error without errortext (185);
23074;Help;Help;
6692;Error without errortext (186);Error without errortext (186);
23076;Help;Help;
6694;Error without errortext (187);Error without errortext (187);
23078;Help;Help;
6712;Error without errortext (188);Error without errortext (188);
23096;Help;Help;
6714;Error without errortext (189);Error without errortext (189);
23098;Help;Help;
6716;Error without errortext (190);Error without errortext (190);
23100;Help;Help;
6718;Error without errortext (191);Error without errortext (191);
23102;Help;Help;
6736;Error without errortext (192);Error without errortext (192);
23120;Help;Help;
6738;Error without errortext (193);Error without errortext (193);
23122;Help;Help;
6740;Error without errortext (194);Error without errortext (194);
23124;Help;Help;
6742;Error without errortext (195);Error without errortext (195);
23126;Help;Help;
6760;Error without errortext (196);Error without errortext (196);
23144;Help;Help;
6762;Error without errortext (197);Error without errortext (197);
23146;Help;Help;
6764;Error without errortext (198);Error without errortext (198);
23148;Help;Help;
6766;Error without errortext (199);Error without errortext (199);
23150;Help;Help;
6784;Fault param.transfer module n;Fault param.transfer module n;
23168;Help;Help;
6786;Invalid field bus address;Invalid field bus address;
23170;Help;Help;
6788;Protokoll Asic not ready;Protokoll Asic not ready;
23172;Help;Help;
6790;MMI serves CBUS module;MMI serves CBUS module;
23174;Help;Help;
6808;Invalid setting switch unit;Invalid setting switch unit;
23192;Help;Help;
6810;Module set to default values;Module set to default values;
23194;Help;Help;
6812;Error without errortext (206);Error without errortext (206);
23196;Help;Help;
6814;Error without errortext (207);Error without errortext (207);
23198;Help;Help;
6832;Error without errortext (208);Error without errortext (208);
23216;Help;Help;
6834;Error without errortext (209);Error without errortext (209);
23218;Help;Help;
6836;Error without errortext (210);Error without errortext (210);
23220;Help;Help;
6838;Error without errortext (211);Error without errortext (211);
23222;Help;Help;
6856;Error without errortext (212);Error without errortext (212);
23240;Help;Help;
6858;Error without errortext (213);Error without errortext (213);
23242;Help;Help;
6860;Error without errortext (214);Error without errortext (214);
23244;Help;Help;
6862;Error without errortext (215);Error without errortext (215);
23246;Help;Help;
6880;Error without errortext (216);Error without errortext (216);
23264;Help;Help;
6882;Error without errortext (217);Error without errortext (217);
23266;Help;Help;
6884;Error without errortext (218);Error without errortext (218);
23268;Help;Help;
6886;Error without errortext (219);Error without errortext (219);
23270;Help;Help;
6904;Error without errortext (220);Error without errortext (220);
23288;Help;Help;
6906;Error without errortext (221);Error without errortext (221);
23290;Help;Help;
6908;Error without errortext (222);Error without errortext (222);
23292;Help;Help;
6910;Error without errortext (223);Error without errortext (223);
23294;Help;Help;
6928;Error without errortext (224);Error without errortext (224);
23312;Help;Help;
6930;Error without errortext (225);Error without errortext (225);
23314;Help;Help;
6932;Error without errortext (226);Error without errortext (226);
23316;Help;Help;
6934;Error without errortext (227);Error without errortext (227);
23318;Help;Help;
6952;Error without errortext (228);Error without errortext (228);
23336;Help;Help;
6954;Error without errortext (229);Error without errortext (229);
23338;Help;Help;
6956;Error without errortext (230);Error without errortext (230);
23340;Help;Help;
6958;Error without errortext (231);Error without errortext (231);
23342;Help;Help;
6976;Error without errortext (232);Error without errortext (232);
23360;Help;Help;
6978;Error without errortext (233);Error without errortext (233);
23362;Help;Help;
6980;Error without errortext (234);Error without errortext (234);
23364;Help;Help;
6982;Error without errortext (235);Error without errortext (235);
23366;Help;Help;
7000;Error without errortext (236);Error without errortext (236);
23384;Help;Help;
7002;Error without errortext (237);Error without errortext (237);
23386;Help;Help;
7004;Error without errortext (238);Error without errortext (238);
23388;Help;Help;
7006;Error without errortext (239);Error without errortext (239);
23390;Help;Help;
7024;Error without errortext (240);Error without errortext (240);
23408;Help;Help;
7026;Error without errortext (241);Error without errortext (241);
23410;Help;Help;
7028;Error without errortext (242);Error without errortext (242);
23412;Help;Help;
7030;Error without errortext (243);Error without errortext (243);
23414;Help;Help;
7048;Error without errortext (244);Error without errortext (244);
23432;Help;Help;
7050;Error without errortext (245);Error without errortext (245);
23434;Help;Help;
7052;Error without errortext (246);Error without errortext (246);
23436;Help;Help;
7054;Error without errortext (247);Error without errortext (247);
23438;Help;Help;
7072;Error without errortext (248);Error without errortext (248);
23456;Help;Help;
7074;Error without errortext (249);Error without errortext (249);
23458;Help;Help;
7076;Error without errortext (250);Error without errortext (250);
23460;Help;Help;
7078;Error without errortext (251);Error without errortext (251);
23462;Help;Help;
7096;Error without errortext (252);Error without errortext (252);
23480;Help;Help;
7098;Error without errortext (253);Error without errortext (253);
23482;Help;Help;
7100;Error without errortext (254);Error without errortext (254);
23484;Help;Help;
7102;Unknown error (255);Unknown error (255);
23486;Help;Help;
7120;Error without errortext (256);Error without errortext (256);
23504;Help;Help;
7122;Error without errortext (257);Error without errortext (257);
23506;Help;Help;
7124;Error without errortext (258);Error without errortext (258);
23508;Help;Help;
7126;Error without errortext (259);Error without errortext (259);
23510;Help;Help;
7386;CPX critical system error;CPX critical system error;
23770;Help;Help;
