//Nota : Ce fichier d'exportation au format CSV ne doit pas être ouvert par double clic sur le fichier !;;;;
//Veuillez ouvrir ce fichier via la commande de menu Fichier > Ouvrir de MS-Excel;;;;
$_Languages;;;;
7(5) Allemand (Liechtenstein);12(1) Français (France);10(1) Espagnol (traditionnel);9(1) Anglais (États-Unis);
$_Typ(OtherText);$_Attrib(MultiLanguage);$_Attrib(MultiLanguage);$_Attrib(MultiLanguage);
//$_Exportation le 06/08/2015 09:00:21;;;;
5288;Trop d'informations de diagnostic;Hay demasiadas informaciones de diagnóstico;Too much diagnostic information generated;
21672;Le bloc de données des vues de diagnotic;El bloque de datos de imágenes de diagnó;The HMI diagnostic picture data block fo;
5289;Erreur à l'appel du SFB 52;Error al llamar el SFB 52;Error calling SFB 52;
21673;Une erreur s'est produite lors de l'actu;Al actualizar el bloque de datos de imág;An error occurred calling SFB 52 during ;
5320;Module non enfiché;Módulo no insertado;Module is not plugged in;
21704;Vérifiez si le module est correctement e;Compruebe si el módulo está enchufado co;Check whether or not the module is corre;
5321;Module incorrect enfiché;Módulo enchufado incorrecto;Wrong module plugged in;
21705;Contrôlez le module.;Compruebe el módulo.;Check the module.;
5322;Le module est correct mais une cartouche au moins est incorrecte.;El módulo es correcto pero hay como mínimo un submódulo incorrecto;The module is correct but at least one submodule is incorrect;
21706;Contrôlez les cartouches du module.;Compruebe los submódulos del módulo.;Check the submodules of the module.;
5323;Module incorrect, mais compatible avec la configuration.;Módulo incorrecto, pero compatible con la configuración;Wrong module but it is compatible with the configuration;
21707;Comme le module est compatible avec le c;Como el módulo es compatible con la conf;The module is compatible with the config;
5384;Cartouche non enfichée;Submódulo no insertado;Submodule is not plugged in;
21768;Vérifiez si la cartouche est correctemen;Compruebe si el submódulo está enchufado;Check whether or not the submodule is co;
5385;Cartouche compatible avec la configuration;Submódulo compatible con la configuración;Submodule is compatible to the configuration;
21769;Comme la cartouche est compatible avec l;Como el submódulo es compatible con la c;The submodule is compatible with the con;
5386;Cartouche bloquée par le contrôleur.;Submódulo bloqueado por el controlador;Submodule is block by the controller;
21770;;;;
5388;Une application accède à la cartouche.;Una aplicación está accediendo al submódulo;An application is accessing the submodule;
21772;;;;
5391;Cartouche incorrecte, mais compatible avec la configuration;Submódulo incorrecto, pero compatible con la configuración;Wrong submodule but it is compatible with the configuration;
21775;Comme la cartouche est compatible avec l;Como el submódulo es compatible con la c;The submodule is compatible with the con;
15296;;;;
31680;;;;
15424;Court-circuit;Cortocircuito;Short circuit;
31808;Contrôlez l'état des câbles de liaison.;Compruebe el estado de las líneas de con;Check the status of the connection lines;
15552;Sous-tension;Baja tensión;Low voltage;
31936;Contrôlez l'alimentation en tension.;Compruebe la fuente de alimentación.;Verify the power supply.;
15680;Surtension;Sobretensión;Overvoltage;
32064;Contrôlez l'alimentation en tension.;Compruebe la fuente de alimentación.;Verify the power supply.;
15808;Surcharge;Sobrecarga;Overload;
32192;Contrôlez les caractéristiques technique;Compruebe los datos técnicos de los comp;Check the technical specifications of th;
15936;Surchauffe;Sobretemperatura;Overtemperature;
32320;Contrôlez les caractéristiques technique;Compruebe los datos técnicos de los comp;Check the technical specifications of th;
16064;Rupture de fil;Rotura de hilo;Wire break;
32448;Contrôlez l'état des câbles de liaison.;Compruebe el estado de las líneas de con;Check the status of the connection lines;
16192;Limite supérieure dépassée;Límite superior excedido;High limit exceeded;
32576;Contrôlez les caractéristiques technique;Compruebe los datos técnicos de los comp;Check the technical specifications of th;
8;Limite inférieure sous-dépassée;Límite inferior excedido;Low limit exceeded;
16392;Contrôlez les caractéristiques technique;Compruebe los datos técnicos de los comp;Check the technical specifications of th;
136;Erreur;Fallo;Error;
16520;;;;
264;Simulation active;Simulación activa;Simulation active;
16648;;;;
392;réservé;Reservado;Reserved;
16776;;;;
520;réservé;Reservado;Reserved;
16904;;;;
648;réservé;Reservado;Reserved;
17032;;;;
776;réservé;Reservado;Reserved;
17160;;;;
904;Paramètre manquant;Falta el parámetro;Parameter missing;
17288;;;;
1032;Erreur de paramétrage;Error de parametrización;Parameter assignment error;
17416;Cause : paramètres de module incorrects.;Causa: Parámetros de módulo incorrectos.;Cause: Bad module parameter. Remedy: Che;
1160;Absence de tension capteur ou de charge;Falta tensión de sensores o de carga;Power supply fault;
17544;Cause : absence de tension d'alimentatio;Causa: Falta tensión de carga. Solución:;Cause: No power supply. Remedy: Check wi;
1288;Fusible defectueux;Fusible defectuoso;Fuse blown / open;
17672;Cause : surcharge. Solution : supprimez ;Causa: Sobrecarga. Solución: Eliminar la;Cause: Overload. Remedy: Remove cause of;
1416;Emplacement non accessible;El slot no responde;Slot cannot be addressed;
17800;Cause : erreur de communication à cause ;Causa: Error de comunicación de diferent;Cause: Communication error with various ;
1544;Défaut à la masse;Defecto a masa;Ground fault;
17928;Cause : dépassement de la tension mode c;Causa: Tensión en modo común rebasada o ;Cause: Common mode voltage exceeded or M;
1672;Erreur de voie de référence;Error del canal de referencia;Reference point list;
18056;Cause : erreur de voie de référence. Sol;Causa: Error en el canal de referencia. ;Cause: Error on reference channel. Remed;
1800;Alarme de processus perdue;Alarma de proceso perdida;Process event lost / sampling error;
18184;Cause : alarme de processus. Solution : ;Causa: Alarma de proceso. Solución: Camb;Cause: Hardware interrupt. Remedy: Chang;
1928;Avertissement actionneur;Advertencia de actuador;Threshold warning;
18312;Cause : actionneur signale un dépassemen;Causa: El actuador notifica el rebase de;Cause: Actuator signaling a limit value ;
2056;Coupure actionneur;Desconexión de actuador;Output disabled;
18440;Cause : problème d'actionneur détecté. S;Causa: Se ha detectado un problema con e;Cause: Problem detected on actuator. Rem;
2184;Arrêt de sécurité;Desconexión orientada a seguridad;Safety event;
18568;Cause : erreur de voie détectée. Solutio;Causa: Se ha detectado un fallo en el ca;Cause: Error detected on channel. Remedy;
2312;Défaut externe;Error externo;External fault;
18696;Cause : Erreur de capteur/actionneur dét;Causa: Se ha detectado un fallo en el se;Cause: Problem detected on sensor/actuat;
2440;Défaut non spécifié;Error no definido;Unidentified error;
18824;Cause : ne peut être spécifiée. Solution;Causa: No se puede especificar con detal;Cause: Cannot be specified in greater de;
2568;réservé;Reservado;Reserved;
18952;;;;
2696;Erreur 1 dans actionneur / capteur;Fallo 1 en actuador / sensor;Fault 1 in actuator/sensor;
19080;;;;
2824;Erreur 2 dans actionneur / capteur;Fallo 2 en actuador / sensor;Fault 2 in actuator/sensor;
19208;;;;
2952;Erreur temporaire;Fallo temporal;Temporary error;
19336;;;;
15368;Linkup illicite;Linkup no permitido;Illegal linkup;
31752;Etat de connexion différent des spécific;Estado de link distinto del predetermina;Link status different from setting in pa;
15496;Linkdown illicite;Linkdown no permitido;Illegal linkdown;
31880;Etat de connexion différent des spécific;Estado de link distinto del predetermina;Link status different from setting in pa;
15624;Vitesse de transmission illicite;Velocidad de transmisión no permitida;Illegal transmission rate;
32008;Vitesse de transmission différente des s;Velocidad de transmisión distinta de la ;Transmission rate different from setting;
15752;Duplexity illicite;Duplexity no permitida;Illegal duplexity;
32136;Duplexity différente des spécifications ;Duplexity ditinta de la predeterminada e;Duplexity different from setting in para;
15880;Surcharge de trames;Sobrecarga de frame;Frame overload;
32264;Les télégrammes rejetés dépassent le seu;Los telegramas rechazados sobrepasan o n;More or less discarded frames than set a;
15440;Transmission de données impossible; @5W%t#A02A-SCALANCE_X200-20100120@;Transferencia de datos imposible; @5W%t#A02A-SCALANCE_X200-20100120@;Data transmission impossible; @5W%t#A02A-SCALANCE_X200-20100120@;
31824;Aide : transmission de données impossibl;Ayuda: Transferencia de datos imposible;;Help: Data transmission impossible; @5W%;
15504;Pas de connexion physique au port;No hay conexión física en el puerto;No physical connection on port;
31888;Une surveillance de port a été configuré;Se ha configurado la vigilancia del puer;Port monitoring was configured, there is;
15505;Erreur pour "Support de transmission/Duplex";Error en "Soporte de transferencia/dúplex";Error with "Transfer medium/duplex";
31889;"Support de transmission / Duplex" a été;"Soporte de transferencia / dúplex" se h;"Transfer medium / duplex" was configure;
15506;Erreur à la vérification des données de câble;Error al comprobar los datos de línea;Error during cable data check;
31890;Causes possibles :
 - La longueur de câb;Causas posibles:
 - La longitud de línea;Possible causes:
 - The discovered cable;
15568;Erreur partenaire; @5W%t#A02A-SCALANCE_X200-20100120@;Error en el partner; @5W%t#A02A-SCALANCE_X200-20100120@;Remote mismatch; @5W%t#A02A-SCALANCE_X200-20100120@;
31952;Aide : erreur partenaire; @5W%t#A02A-SCA;Ayuda: Error en el partner; @5W%t#A02A-S;Help: Remote mismatch; @5W%t#A02A-SCALAN;
15632;Partenaire incorrect;Partner incorrecto;Wrong partner;
32016;Une connexion de port a été configurée, ;Se ha configurado una conexión de puerto;A port interconnection was configured bu;
15633;Port partenaire incorrect;Puerto partner erróneo;Wrong partner port;
32017;Une connexion de port a été configurée, ;Se ha configurado una conexión de puerto;A port interconnection was configured bu;
15634;IRT (Top Performance) impossible sur ce port;IRT (Top Performance) no es posible en este puerto;IRT (top performance) not possible at this port;
32018;Causes possibles :
 - Autres erreurs de ;Causas posibles:
 - Otros errores de com;Possible causes:
 - Other communications;
15635;Incohérence pour "Support de transmission / Duplex";Incoherencia en "Soporte de transferencia / dúplex";Inconsistency in "transmission medium / duplex";
32019;"Support de transmission/Duplex" a été c;Se ha configurado el "Medio de transmisi;"Transmission medium/duplex" was configu;
15636;Incohérence de la configuration MRP / du câblage;Incoherencia en la configuración MRP / cableado;Inconsistent MRP configuration / wiring;
32020;Domaine MRP configuré ; la sélection loc;Se ha configurado un dominio MRP, pero l;MRP domain was configured; the local set;
15637;Le voisin n'a pas pu être détecté;Imposible detectar el vecino;The neighbor could not be identified;
32021;Une connexion de port a été configurée, ;Se ha configurado una conexión de puerto;A port interconnection was configured bu;
15638;Incohérence de la configuration MRRT;Incoherencia en la configuración MRRT;Inconsistent MRRT configuration;
32022;L'attribut MRRT  a été configuré; les op;Se ha configurado la característica MRRT;The MRRT feature was configured; the loc;
15639;Différence à la détermination de longueur de câble;Diferencia al determinar la longitud del cable;Difference in cable length measurement;
32023;"Support de transmission / Duplex" a été;Se ha configurado "Soporte de transferen;"Transmission medium / Duplex" was confi;
15648;Nom de domaine Sync utilisé plusieurs fois;El nombre del dominio Sync se utiliza repetidas veces;Sync domain name used more than once;
32032;Deux domaines Sync de même nom ont été c;En la subred Ethernet se han configurado;Two sync domains with the same name were;
15696;Erreur de redondance de supports de transmission; @5W%t#A02A-SCALANCE_X200-20100120@;Error de redundancia de medios; @5W%t#A02A-SCALANCE_X200-20100120@;Media redundancy mismatch; @5W%t#A02A-SCALANCE_X200-20100120@;
32080;Aide : erreur de redondance de supports ;Ayuda: Redundancia de medios; @5W%t#A02A;Help: Media redundancy mismatch; @5W%t#A;
15760;Le gestionnaire de redondance ne peut pas assumer le rôle configuré.;El manager de redundancia no puede asumir la función configurada.;Redundancy manager cannot adopt the configured role;
32144;Signifie que le gestionnaire de redondan;Indica que el manager de redundancia asu;Indicates that the configured redundancy;
15761;Anneau ouvert;Anillo abierto;Ring opened;
32145;Indique que l'anneau est interrompu unil;Indica que el anillo se ha interrumpido ;Indicates that the ring has been interru;
15762;Redondance RT plus garantie;Redundancia RT no garantizada;RT redundancy not effective;
32146;Indique que l'anneau n'est pas fermé pou;Indica que el anillo para la comunicació;Indicates that the ring is not closed fo;
15763;Il existe plusieurs gestionnaires de redondance au sein de l'anneau;En el anillo se encuentran varios administradores de redundancia;There is more than one redundancy manager in the ring;
32147;Indique que plusieurs appareils assument;Indica que en el anillo se encuentran va;Indicates that more than one device in t;
15824;Perte de synchronisation; @5W%t#A02A-SCALANCE_X200-20100120@;Pérdida de sincronización; @5W%t#A02A-SCALANCE_X200-20100120@;Sync mismatch; @5W%t#A02A-SCALANCE_X200-20100120@;
32208;Aide : perte de synchronisation; @5W%t#A;Ayuda: Pérdida de sincronización; @5W%t#;Help: Sync mismatch; @5W%t#A02A-SCALANCE;
15888;L'esclave Sync ne sera pas synchronisé;No se sincroniza el SyncSlave;Sync slave will not be synchronized;
32272;La station est un esclave Sync et n'est ;El equipo es un SyncSlave y no se sincro;The station is a sync slave and it is no;
15891;Station non synchrone;Equipo no síncrono;Station not synchronized;
32275;La synchronisation se trouve hors de la ;La sincronización está fuera del rango d;Synchronization is outside the range of ;
15952;Erreur de synchronisme d'horloge; @5W%t#A02A-SCALANCE_X200-20100120@;Error de modo isócrono; @5W%t#A02A-SCALANCE_X200-20100120@;Isochronous mode mismatch; @5W%t#A02A-SCALANCE_X200-20100120@;
32336;Aide : erreur de synchronisme d'horloge;;Ayuda: Error de modo isócrono; @5W%t#A02;Help: Isochronous mode mismatch; @5W%t#A;
16080;Erreur Multicast CR; @5W%t#A02A-SCALANCE_X200-20100120@;Error CR multicast; @5W%t#A02A-SCALANCE_X200-20100120@;Multicast CR mismatch; @5W%t#A02A-SCALANCE_X200-20100120@;
32464;Aide : Erreur CR Multicast; @5W%t#A02A-S;Ayuda: Error CR multicast; @5W%t#A02A-SC;Help: Multicast CR mismatch; @5W%t#A02A-;
16208;réservé; @5W%t#A02A-SCALANCE_X200-20100120@;Reservado; @5W%t#A02A-SCALANCE_X200-20100120@;Reserved; @5W%t#A02A-SCALANCE_X200-20100120@;
32592;Aide : réservée; @5W%t#A02A-SCALANCE_X20;Ayuda: Ayuda; @5W%t#A02A-SCALANCE_X200-2;Help: Reserved; @5W%t#A02A-SCALANCE_X200;
24;Erreur fibre optique; @5W%t#A02A-SCALANCE_X200-20100120@;Error fibra óptica; @5W%t#A02A-SCALANCE_X200-20100120@;Fiber optics mismatch; @5W%t#A02A-SCALANCE_X200-20100120@;
16408;Aide : erreur fibre optique; @5W%t#A02A-;Ayuda: Error fibra óptica; @5W%t#A02A-SC;Help: Fiber optics mismatch; @5W%t#A02A-;
88;Réserve système FO critique;Reserva de sistema de fibra óptica crítica;FO link power margin critical;
16472;La réserve système FO se trouve en -dess;La reserva de sistema FO se encuentra po;The FO link power margin is below the @2;
152;Erreur de fonctionnement du composant réseau; @5W%t#A02A-SCALANCE_X200-20100120@;Error de función del componente de red; @5W%t#A02A-SCALANCE_X200-20100120@;Network component function mismatch; @5W%t#A02A-SCALANCE_X200-20100120@;
16536;Aide : erreur de fonctionnement du compo;Ayuda: Error de función del componente d;Help: Network component function mismatc;
216;Paquets de données rejetés pour surcharge;Debido a sobrecarga se han rechazado paquetes de datos;Data packets discarded due to overload;
16600;@2D%1d@ paquets de données au minimum on;Como mínimo @2D%1d@ paquetes de datos ha;At least @2D%1d@ data packets were disca;
280;Erreur d'horloge; @5W%t#A02A-SCALANCE_X200-20100120@;Error de tiempo; @5W%t#A02A-SCALANCE_X200-20100120@;Time mismatch; @5W%t#A02A-SCALANCE_X200-20100120@;
16664;Aide : erreur de temporisation; @5W%t#A0;Ayuda: Error de tiempo; @5W%t#A02A-SCALA;Help: Time mismatch; @5W%t#A02A-SCALANCE;
856;Configuration incohérente/Spécification du routeur par défaut;Configuración incoherente/especificación del gateway predeterminado;Inconsistent configuration / specification of the standard gateway;
17240;Un autre routeur par défaut a été config;Se ha configurado un gateway predetermin;A standard gateway has been configured f;
857;Configuration incohérente/Spécification du NameOfStation;Configuración/especificación incoherente del nombre de dispositivo;Inconsistent configuration/specification of the NameOfStation;
17241;Un NameOfStation a déjà été configuré /a;Para otra interfaz de este módulo ya se ;A NameOfStation which is identical to th;
858;Configuration incohérente/Spécification de l'adresse IP;Configuración/especificación incoherente de la dirección IP;Inconsistent configuration/specification of the IP address;
17242;Une adresse IP a déjà été configurée/att;Para otra interfaz ya se ha configurado/;An IP address which is in the same subne;
1320;Pas d'alimentation redondante;sin alimentación el. redundante;No redundant PS;
17704;Alarme arrivante en l'absence d'alimenta;Alarma entrante, si no existe alimentaci;Alarm entering state when there is no re;
1322;C-PLUG introuvable;No existe C-PLUG;C-PLUG not found;
17706;Alarme arrivante en l'absence de C-PLUG;Alarma entrante, si no se ha enchufado C;Alarm entering state when no C-PLUG was ;
1324;C-PLUG défectueux;C-PLUG defectuoso;C-PLUG defective;
17708;Alarme arrivante lorsque le C-PLUG est d;Alarma entrante, si el C-PLUG está defec;Alarm entering state when C-PLUG is defe;
1326;Le C-PLUG est incorrect;erróneo C-PLUG;wrong C-PLUG;
17710;Alarme apparaissante si aucun C-PLUG n'a;Alarma entrante si se ha enchufado errón;Incoming alarm when wrong C-PLUG is plug;
2112;;;;
18496;;;;
2240;Court-circuit;Cortocircuito;Short circuit;
18624;Contrôlez l'état des câbles de liaison.;Compruebe el estado de las líneas de con;Check the status of the connection lines;
2368;Sous-tension;Baja tensión;Low voltage;
18752;Contrôlez l'alimentation en tension.;Compruebe la fuente de alimentación.;Verify the power supply.;
2496;Surtension;Sobretensión;Overvoltage;
18880;Contrôlez l'alimentation en tension.;Compruebe la fuente de alimentación.;Verify the power supply.;
2624;Surcharge;Sobrecarga;Overload;
19008;Contrôlez les caractéristiques technique;Compruebe los datos técnicos de los comp;Check the technical specifications of th;
2752;Surchauffe;Sobretemperatura;Overtemperature;
19136;Contrôlez les caractéristiques technique;Compruebe los datos técnicos de los comp;Check the technical specifications of th;
2880;Rupture de fil;Rotura de hilo;Wire break;
19264;Contrôlez l'état des câbles de liaison.;Compruebe el estado de las líneas de con;Check the status of the connection lines;
3008;Limite supérieure dépassée;Límite superior excedido;High limit exceeded;
19392;Contrôlez les caractéristiques technique;Compruebe los datos técnicos de los comp;Check the technical specifications of th;
3136;Limite inférieure sous-dépassée;Límite inferior excedido;Low limit exceeded;
19520;Contrôlez les caractéristiques technique;Compruebe los datos técnicos de los comp;Check the technical specifications of th;
3264;Erreur;Fallo;Error;
19648;;;;
3392;Simulation active;Simulación activa;Simulation active;
19776;;;;
3520;réservé;Reservado;Reserved;
19904;;;;
3648;réservé;Reservado;Reserved;
20032;;;;
3776;réservé;Reservado;Reserved;
20160;;;;
3904;réservé;Reservado;Reserved;
20288;;;;
4032;Paramètre manquant;Falta el parámetro;Parameter missing;
20416;;;;
4160;Erreur de paramétrage;Error parametrización;Parameter assignment error;
20544;Cause possible : Le module n'est pas par;Causa posible: módulo defectuoso o param;Possible Cause: Module either not at all;
4288;Le connecteur frontal, la tension de capteur ou de charge manque.;Falta el conector flontal o la alimentación del sensor o la tensión de carga.;Front connector missing, sensor or load voltage missing;
20672;Cause possible : La tension d'alimentati;Causa posible: falta tensión de alimenta;Possible cause: Supply voltage missing o;
4416;Fusible défectueux.;Fusible defectuoso.;Fuse defective;
20800;Cause possible : Le fusible échangeable ;Causa posible: fallo del fusible repuest;Possible Cause: User's replaceable fuse ;
4544;Erreur de communication;Fallo de comunicación;Communication error;
20928;Cause possible : Communication au module;Causa posible: interrupción de la comuni;Possible Cause: Communication to the mod;
4672;Erreur de masse;Error de masa;Ground error;
21056;Cause possible : Dépassement du Common M;Causa posible: se ha excedido el modo Co;Possible Cause: Exceeding the allowable ;
4800;Erreur sur voie de référence;Error canal referencia;Reference channel error;
21184;Cause possible : Erreur sur voie de réfé;Causa posible error en el canal de refer;Possible Cause: Error on the reference c;
4928;Alarme de processus perdue ou erreur de message;Pérdida alarma de proceso o error de aviso;Process interrupt lost or message error;
21312;Cause possible : Erreur de cadre, erreur;Causa posible: error de marco, error de ;Possible Cause: Frame error, parity erro;
5056;Avertissement;Advertencia;Warning;
21440;Cause possible : Dépassement des seuils ;Causa posible: se han excedido los valor;Possible Cause: Exceeding the actuator l;
5184;Arrêt;Desconexión;Shutoff;
21568;Cause possible : Déclenchement d'un disj;Causa posible: liberación del interrupto;Possible Cause: Trigger a line switch du;
5312;Arrêt de sécurité;Desconexión de seguridad;Fail-safe shutoff;
21696;Cause possible : Présence d'un déclenche;Causa posible: liberación de desconexión;Possible Cause: Trigger for fail-safe sh;
5440;Erreur externe;Fallo externo;external error;
21824;Cause possible : Rupture de fil ou court;Causa posible: rotura de cable o cortoci;Possible Cause: Wire break or short circ;
5568;Erreur indéfinie;Fallo indefinido;ambiguous error;
21952;Cause possible : Une procédure d'apprent;Causa posible: proceso de aprendizaje en;Possible Cause: Teach-in process running;
5696;réservé;Reservado;Reserved;
22080;;;;
5824;Erreur 1 dans actionneur / capteur;Fallo 1 en actuador / sensor;Fault 1 in actuator/sensor;
22208;;;;
5952;Erreur 2 dans actionneur / capteur;Fallo 2 en actuador / sensor;Fault 2 in actuator/sensor;
22336;;;;
6080;Voie temporairement indisponible;Canal no disponible temporalmente;Channel temporarily not available;
22464;Cause possible : Calibrage, mise à jour ;Causa posible: calibración, actualizació;Possible cause: Calibration, firmware up;
2256;Transmission de données impossible; @5W%t#ET200S-20110429@;Transferencia de datos imposible; @5W%t#ET200S-20110429@;Data transmission impossible; @5W%t#ET200S-20110429@;
18640;Aide : transmission de données impossibl;Ayuda: Transferencia de datos imposible;;Help: Data transmission impossible; @5W%;
2320;Pas de connexion physique au port;No hay conexión física en el puerto;No physical connection on port;
18704;Une surveillance de port a été configuré;Se ha configurado la vigilancia del puer;Port monitoring was configured, there is;
2321;Erreur pour "Support de transmission/Duplex";Error en "Soporte de transferencia/dúplex";Error with "Transfer medium/duplex";
18705;"Support de transmission / Duplex" a été;"Soporte de transferencia / dúplex" se h;"Transfer medium / duplex" was configure;
2322;Erreur à la vérification des données de câble;Error al comprobar los datos de línea;Error during cable data check;
18706;Causes possibles :
 - La longueur de câb;Causas posibles:
 - La longitud de línea;Possible causes:
 - The discovered cable;
2384;Erreur partenaire; @5W%t#ET200S-20110429@;Error en el partner; @5W%t#ET200S-20110429@;Remote mismatch; @5W%t#ET200S-20110429@;
18768;Aide : erreur partenaire; @5W%t#ET200S-2;Ayuda: Error en el partner; @5W%t#ET200S;Help: Remote mismatch; @5W%t#ET200S-2011;
2448;Partenaire incorrect;Partner incorrecto;Wrong partner;
18832;Une connexion de port a été configurée, ;Se ha configurado una conexión de puerto;A port interconnection was configured bu;
2449;Port partenaire incorrect;Puerto partner erróneo;Wrong partner port;
18833;Une connexion de port a été configurée, ;Se ha configurado una conexión de puerto;A port interconnection was configured bu;
2450;IRT (Top Performance) impossible sur ce port;IRT (Top Performance) no es posible en este puerto;IRT (top performance) not possible at this port;
18834;Causes possibles :
 - Autres erreurs de ;Causas posibles:
 - Otros errores de com;Possible causes:
 - Other communications;
2451;Incohérence pour "Support de transmission / Duplex";Incoherencia en "Soporte de transferencia / dúplex";Inconsistency in "transmission medium / duplex";
18835;"Support de transmission/Duplex" a été c;Se ha configurado el "Medio de transmisi;"Transmission medium/duplex" was configu;
2452;Incohérence de la configuration MRP / du câblage;Incoherencia en la configuración MRP / cableado;Inconsistent MRP configuration / wiring;
18836;Domaine MRP configuré ; la sélection loc;Se ha configurado un dominio MRP, pero l;MRP domain was configured; the local set;
2453;Le voisin n'a pas pu être détecté;Imposible detectar el vecino;The neighbor could not be identified;
18837;Une connexion de port a été configurée, ;Se ha configurado una conexión de puerto;A port interconnection was configured bu;
2454;Incohérence de la configuration MRRT;Incoherencia en la configuración MRRT;Inconsistent MRRT configuration;
18838;L'attribut MRRT  a été configuré; les op;Se ha configurado la característica MRRT;The MRRT feature was configured; the loc;
2455;Différence à la détermination de longueur de câble;Diferencia al determinar la longitud del cable;Difference in cable length measurement;
18839;"Support de transmission / Duplex" a été;Se ha configurado "Soporte de transferen;"Transmission medium / Duplex" was confi;
2464;Nom de domaine Sync utilisé plusieurs fois;El nombre del dominio Sync se utiliza repetidas veces;Sync domain name used more than once;
18848;Deux domaines Sync de même nom ont été c;En la subred Ethernet se han configurado;Two sync domains with the same name were;
2512;Erreur de redondance de supports de transmission; @5W%t#ET200S-20110429@;Error de redundancia de medios; @5W%t#ET200S-20110429@;Media redundancy mismatch; @5W%t#ET200S-20110429@;
18896;Aide : erreur de redondance de supports ;Ayuda: Redundancia de medios; @5W%t#ET20;Help: Media redundancy mismatch; @5W%t#E;
2576;Le gestionnaire de redondance ne peut pas assumer le rôle configuré.;El manager de redundancia no puede asumir la función configurada.;Redundancy manager cannot adopt the configured role;
18960;Signifie que le gestionnaire de redondan;Indica que el manager de redundancia asu;Indicates that the configured redundancy;
2577;Anneau ouvert;Anillo abierto;Ring opened;
18961;Indique que l'anneau est interrompu unil;Indica que el anillo se ha interrumpido ;Indicates that the ring has been interru;
2578;Redondance RT plus garantie;Redundancia RT no garantizada;RT redundancy not effective;
18962;Indique que l'anneau n'est pas fermé pou;Indica que el anillo para la comunicació;Indicates that the ring is not closed fo;
2579;Il existe plusieurs gestionnaires de redondance au sein de l'anneau;En el anillo se encuentran varios administradores de redundancia;There is more than one redundancy manager in the ring;
18963;Indique que plusieurs appareils assument;Indica que en el anillo se encuentran va;Indicates that more than one device in t;
2640;Perte de synchronisation; @5W%t#ET200S-20110429@;Pérdida de sincronización; @5W%t#ET200S-20110429@;Sync mismatch; @5W%t#ET200S-20110429@;
19024;Aide : perte de synchronisation; @5W%t#E;Ayuda: Pérdida de sincronización; @5W%t#;Help: Sync mismatch; @5W%t#ET200S-201104;
2704;L'esclave Sync ne sera pas synchronisé;No se sincroniza el SyncSlave;Sync slave will not be synchronized;
19088;La station est un esclave Sync et n'est ;El equipo es un SyncSlave y no se sincro;The station is a sync slave and it is no;
2707;Station non synchrone;Equipo no síncrono;Station not synchronized;
19091;La synchronisation se trouve hors de la ;La sincronización está fuera del rango d;Synchronization is outside the range of ;
2768;Erreur de synchronisme d'horloge; @5W%t#ET200S-20110429@;Error de modo isócrono; @5W%t#ET200S-20110429@;Isochronous mode mismatch; @5W%t#ET200S-20110429@;
19152;Aide : erreur de synchronisme d'horloge;;Ayuda: Error de modo isócrono; @5W%t#ET2;Help: Isochronous mode mismatch; @5W%t#E;
2896;Erreur Multicast CR; @5W%t#ET200S-20110429@;Error CR multicast; @5W%t#ET200S-20110429@;Multicast CR mismatch; @5W%t#ET200S-20110429@;
19280;Aide : Erreur CR Multicast; @5W%t#ET200S;Ayuda: Error CR multicast; @5W%t#ET200S-;Help: Multicast CR mismatch; @5W%t#ET200;
3024;réservé; @5W%t#ET200S-20110429@;Reservado; @5W%t#ET200S-20110429@;Reserved; @5W%t#ET200S-20110429@;
19408;Aide : réservée; @5W%t#ET200S-20110429@;Ayuda: Ayuda; @5W%t#ET200S-20110429@;Help: Reserved; @5W%t#ET200S-20110429@;
3152;Erreur fibre optique; @5W%t#ET200S-20110429@;Error fibra óptica; @5W%t#ET200S-20110429@;Fiber optics mismatch; @5W%t#ET200S-20110429@;
19536;Aide : erreur fibre optique; @5W%t#ET200;Ayuda: Error fibra óptica; @5W%t#ET200S-;Help: Fiber optics mismatch; @5W%t#ET200;
3216;Réserve système FO critique;Reserva de sistema de fibra óptica crítica;FO link power margin critical;
19600;La réserve système FO se trouve en -dess;La reserva de sistema FO se encuentra po;The FO link power margin is below the @2;
3280;Erreur de fonctionnement du composant réseau; @5W%t#ET200S-20110429@;Error de función del componente de red; @5W%t#ET200S-20110429@;Network component function mismatch; @5W%t#ET200S-20110429@;
19664;Aide : erreur de fonctionnement du compo;Ayuda: Error de función del componente d;Help: Network component function mismatc;
3344;Paquets de données rejetés pour surcharge;Debido a sobrecarga se han rechazado paquetes de datos;Data packets discarded due to overload;
19728;@2D%1d@ paquets de données au minimum on;Como mínimo @2D%1d@ paquetes de datos ha;At least @2D%1d@ data packets were disca;
3408;Erreur d'horloge; @5W%t#ET200S-20110429@;Error de tiempo; @5W%t#ET200S-20110429@;Time mismatch; @5W%t#ET200S-20110429@;
19792;Aide : erreur de temporisation; @5W%t#ET;Ayuda: Error de tiempo; @5W%t#ET200S-201;Help: Time mismatch; @5W%t#ET200S-201104;
3984;Configuration incohérente/Spécification du routeur par défaut;Configuración incoherente/especificación del gateway predeterminado;Inconsistent configuration / specification of the standard gateway;
20368;Un autre routeur par défaut a été config;Se ha configurado un gateway predetermin;A standard gateway has been configured f;
3985;Configuration incohérente/Spécification du NameOfStation;Configuración/especificación incoherente del nombre de dispositivo;Inconsistent configuration/specification of the NameOfStation;
20369;Un NameOfStation a déjà été configuré /a;Para otra interfaz de este módulo ya se ;A NameOfStation which is identical to th;
3986;Configuration incohérente/Spécification de l'adresse IP;Configuración/especificación incoherente de la dirección IP;Inconsistent configuration/specification of the IP address;
20370;Une adresse IP a déjà été configurée/att;Para otra interfaz ya se ha configurado/;An IP address which is in the same subne;
7072;;;;
23456;;;;
7200;Court-circuit;Cortocircuito;Short circuit;
23584;Contrôlez l'état des câbles de liaison.;Compruebe el estado de las líneas de con;Check the status of the connection lines;
7328;Sous-tension;Baja tensión;Low voltage;
23712;Contrôlez l'alimentation en tension.;Compruebe la fuente de alimentación.;Verify the power supply.;
7456;Surtension;Sobretensión;Overvoltage;
23840;Contrôlez l'alimentation en tension.;Compruebe la fuente de alimentación.;Verify the power supply.;
7584;Surcharge;Sobrecarga;Overload;
23968;Contrôlez les caractéristiques technique;Compruebe los datos técnicos de los comp;Check the technical specifications of th;
7712;Surchauffe;Sobretemperatura;Overtemperature;
24096;Contrôlez les caractéristiques technique;Compruebe los datos técnicos de los comp;Check the technical specifications of th;
7840;Rupture de fil;Rotura de hilo;Wire break;
24224;Contrôlez l'état des câbles de liaison.;Compruebe el estado de las líneas de con;Check the status of the connection lines;
7968;Limite supérieure dépassée;Límite superior excedido;High limit exceeded;
24352;Contrôlez les caractéristiques technique;Compruebe los datos técnicos de los comp;Check the technical specifications of th;
8096;Limite inférieure sous-dépassée;Límite inferior excedido;Low limit exceeded;
24480;Contrôlez les caractéristiques technique;Compruebe los datos técnicos de los comp;Check the technical specifications of th;
8224;Erreur;Fallo;Error;
24608;;;;
8352;Simulation active;Simulación activa;Simulation active;
24736;;;;
8480;réservé;Reservado;Reserved;
24864;;;;
8608;réservé;Reservado;Reserved;
24992;;;;
8736;réservé;Reservado;Reserved;
25120;;;;
8864;réservé;Reservado;Reserved;
25248;;;;
8992;Paramètre manquant;Falta el parámetro;Parameter missing;
25376;;;;
9120;Erreur de paramétrage;Error de parametrización;Parameter assignment error;
25504;Cause : paramètres de module incorrects.;Causa: Parámetros de módulo incorrectos.;Cause: Bad module parameter. Remedy: Che;
9248;Absence de tension capteur ou de charge;Falta tensión de sensores o de carga;Power supply fault;
25632;Cause : absence de tension d'alimentatio;Causa: Falta tensión de carga. Solución:;Cause: No power supply. Remedy: Check wi;
9376;Fusible defectueux;Fusible defectuoso;Fuse blown / open;
25760;Cause : surcharge. Solution : supprimez ;Causa: Sobrecarga. Solución: Eliminar la;Cause: Overload. Remedy: Remove cause of;
9504;Emplacement non accessible;El slot no responde;Slot cannot be addressed;
25888;Cause : erreur de communication à cause ;Causa: Error de comunicación de diferent;Cause: Communication error with various ;
9632;Défaut à la masse;Defecto a masa;Ground fault;
26016;Cause : dépassement de la tension mode c;Causa: Tensión en modo común rebasada o ;Cause: Common mode voltage exceeded or M;
9760;Erreur de voie de référence;Error del canal de referencia;Reference point list;
26144;Cause : erreur de voie de référence. Sol;Causa: Error en el canal de referencia. ;Cause: Error on reference channel. Remed;
9888;Alarme de processus perdue;Alarma de proceso perdida;Process event lost / sampling error;
26272;Cause : alarme de processus. Solution : ;Causa: Alarma de proceso. Solución: Camb;Cause: Hardware interrupt. Remedy: Chang;
10016;Avertissement actionneur;Advertencia de actuador;Threshold warning;
26400;Cause : actionneur signale un dépassemen;Causa: El actuador notifica el rebase de;Cause: Actuator signaling a limit value ;
10144;Coupure actionneur;Desconexión de actuador;Output disabled;
26528;Cause : problème d'actionneur détecté. S;Causa: Se ha detectado un problema con e;Cause: Problem detected on actuator. Rem;
10272;Arrêt de sécurité;Desconexión orientada a seguridad;Safety event;
26656;Cause : erreur de voie détectée. Solutio;Causa: Se ha detectado un fallo en el ca;Cause: Error detected on channel. Remedy;
10400;Défaut externe;Error externo;External fault;
26784;Cause : Erreur de capteur/actionneur dét;Causa: Se ha detectado un fallo en el se;Cause: Problem detected on sensor/actuat;
10528;Défaut non spécifié;Error no definido;Unidentified error;
26912;Cause : ne peut être spécifiée. Solution;Causa: No se puede especificar con detal;Cause: Cannot be specified in greater de;
10656;réservé;Reservado;Reserved;
27040;;;;
10784;Erreur 1 dans actionneur / capteur;Fallo 1 en actuador / sensor;Fault 1 in actuator/sensor;
27168;;;;
10912;Erreur 2 dans actionneur / capteur;Fallo 2 en actuador / sensor;Fault 2 in actuator/sensor;
27296;;;;
11040;Erreur temporaire;Fallo temporal;Temporary error;
27424;;;;
7216;Transmission de données impossible; @5W%t#ML-V2.25-Festo-CPX-20110809@;Transferencia de datos imposible; @5W%t#ML-V2.25-Festo-CPX-20110809@;Data transmission impossible; @5W%t#ML-V2.25-Festo-CPX-20110809@;
23600;Aide : transmission de données impossibl;Ayuda: Transferencia de datos imposible;;Help: Data transmission impossible; @5W%;
7280;Pas de connexion physique au port;No hay conexión física en el puerto;No physical connection on port;
23664;Une surveillance de port a été configuré;Se ha configurado la vigilancia del puer;Port monitoring was configured, there is;
7281;Erreur pour "Support de transmission/Duplex";Error en "Soporte de transferencia/dúplex";Error with "Transfer medium/duplex";
23665;"Support de transmission / Duplex" a été;"Soporte de transferencia / dúplex" se h;"Transfer medium / duplex" was configure;
7282;Erreur à la vérification des données de câble;Error al comprobar los datos de línea;Error during cable data check;
23666;Causes possibles :
 - La longueur de câb;Causas posibles:
 - La longitud de línea;Possible causes:
 - The discovered cable;
7344;Erreur partenaire; @5W%t#ML-V2.25-Festo-CPX-20110809@;Error en el partner; @5W%t#ML-V2.25-Festo-CPX-20110809@;Remote mismatch; @5W%t#ML-V2.25-Festo-CPX-20110809@;
23728;Aide : erreur partenaire; @5W%t#ML-V2.25;Ayuda: Error en el partner; @5W%t#ML-V2.;Help: Remote mismatch; @5W%t#ML-V2.25-Fe;
7408;Partenaire incorrect;Partner incorrecto;Wrong partner;
23792;Une connexion de port a été configurée, ;Se ha configurado una conexión de puerto;A port interconnection was configured bu;
7409;Port partenaire incorrect;Puerto partner erróneo;Wrong partner port;
23793;Une connexion de port a été configurée, ;Se ha configurado una conexión de puerto;A port interconnection was configured bu;
7410;IRT (Top Performance) impossible sur ce port;IRT (Top Performance) no es posible en este puerto;IRT (top performance) not possible at this port;
23794;Causes possibles :
 - Autres erreurs de ;Causas posibles:
 - Otros errores de com;Possible causes:
 - Other communications;
7411;Incohérence pour "Support de transmission / Duplex";Incoherencia en "Soporte de transferencia / dúplex";Inconsistency in "transmission medium / duplex";
23795;"Support de transmission/Duplex" a été c;Se ha configurado el "Medio de transmisi;"Transmission medium/duplex" was configu;
7412;Incohérence de la configuration MRP / du câblage;Incoherencia en la configuración MRP / cableado;Inconsistent MRP configuration / wiring;
23796;Domaine MRP configuré ; la sélection loc;Se ha configurado un dominio MRP, pero l;MRP domain was configured; the local set;
7413;Le voisin n'a pas pu être détecté;Imposible detectar el vecino;The neighbor could not be identified;
23797;Une connexion de port a été configurée, ;Se ha configurado una conexión de puerto;A port interconnection was configured bu;
7414;Incohérence de la configuration MRRT;Incoherencia en la configuración MRRT;Inconsistent MRRT configuration;
23798;L'attribut MRRT  a été configuré; les op;Se ha configurado la característica MRRT;The MRRT feature was configured; the loc;
7415;Différence à la détermination de longueur de câble;Diferencia al determinar la longitud del cable;Difference in cable length measurement;
23799;"Support de transmission / Duplex" a été;Se ha configurado "Soporte de transferen;"Transmission medium / Duplex" was confi;
7424;Nom de domaine Sync utilisé plusieurs fois;El nombre del dominio Sync se utiliza repetidas veces;Sync domain name used more than once;
23808;Deux domaines Sync de même nom ont été c;En la subred Ethernet se han configurado;Two sync domains with the same name were;
7472;Erreur de redondance de supports de transmission; @5W%t#ML-V2.25-Festo-CPX-20110809@;Error de redundancia de medios; @5W%t#ML-V2.25-Festo-CPX-20110809@;Media redundancy mismatch; @5W%t#ML-V2.25-Festo-CPX-20110809@;
23856;Aide : erreur de redondance de supports ;Ayuda: Redundancia de medios; @5W%t#ML-V;Help: Media redundancy mismatch; @5W%t#M;
7536;Le gestionnaire de redondance ne peut pas assumer le rôle configuré.;El manager de redundancia no puede asumir la función configurada.;Redundancy manager cannot adopt the configured role;
23920;Signifie que le gestionnaire de redondan;Indica que el manager de redundancia asu;Indicates that the configured redundancy;
7537;Anneau ouvert;Anillo abierto;Ring opened;
23921;Indique que l'anneau est interrompu unil;Indica que el anillo se ha interrumpido ;Indicates that the ring has been interru;
7538;Redondance RT plus garantie;Redundancia RT no garantizada;RT redundancy not effective;
23922;Indique que l'anneau n'est pas fermé pou;Indica que el anillo para la comunicació;Indicates that the ring is not closed fo;
7539;Il existe plusieurs gestionnaires de redondance au sein de l'anneau;En el anillo se encuentran varios administradores de redundancia;There is more than one redundancy manager in the ring;
23923;Indique que plusieurs appareils assument;Indica que en el anillo se encuentran va;Indicates that more than one device in t;
7600;Perte de synchronisation; @5W%t#ML-V2.25-Festo-CPX-20110809@;Pérdida de sincronización; @5W%t#ML-V2.25-Festo-CPX-20110809@;Sync mismatch; @5W%t#ML-V2.25-Festo-CPX-20110809@;
23984;Aide : perte de synchronisation; @5W%t#M;Ayuda: Pérdida de sincronización; @5W%t#;Help: Sync mismatch; @5W%t#ML-V2.25-Fest;
7664;L'esclave Sync ne sera pas synchronisé;No se sincroniza el SyncSlave;Sync slave will not be synchronized;
24048;La station est un esclave Sync et n'est ;El equipo es un SyncSlave y no se sincro;The station is a sync slave and it is no;
7667;Station non synchrone;Equipo no síncrono;Station not synchronized;
24051;La synchronisation se trouve hors de la ;La sincronización está fuera del rango d;Synchronization is outside the range of ;
7728;Erreur de synchronisme d'horloge; @5W%t#ML-V2.25-Festo-CPX-20110809@;Error de modo isócrono; @5W%t#ML-V2.25-Festo-CPX-20110809@;Isochronous mode mismatch; @5W%t#ML-V2.25-Festo-CPX-20110809@;
24112;Aide : erreur de synchronisme d'horloge;;Ayuda: Error de modo isócrono; @5W%t#ML-;Help: Isochronous mode mismatch; @5W%t#M;
7856;Erreur Multicast CR; @5W%t#ML-V2.25-Festo-CPX-20110809@;Error CR multicast; @5W%t#ML-V2.25-Festo-CPX-20110809@;Multicast CR mismatch; @5W%t#ML-V2.25-Festo-CPX-20110809@;
24240;Aide : Erreur CR Multicast; @5W%t#ML-V2.;Ayuda: Error CR multicast; @5W%t#ML-V2.2;Help: Multicast CR mismatch; @5W%t#ML-V2;
7984;réservé; @5W%t#ML-V2.25-Festo-CPX-20110809@;Reservado; @5W%t#ML-V2.25-Festo-CPX-20110809@;Reserved; @5W%t#ML-V2.25-Festo-CPX-20110809@;
24368;Aide : réservée; @5W%t#ML-V2.25-Festo-CP;Ayuda: Ayuda; @5W%t#ML-V2.25-Festo-CPX-2;Help: Reserved; @5W%t#ML-V2.25-Festo-CPX;
8112;Erreur fibre optique; @5W%t#ML-V2.25-Festo-CPX-20110809@;Error fibra óptica; @5W%t#ML-V2.25-Festo-CPX-20110809@;Fiber optics mismatch; @5W%t#ML-V2.25-Festo-CPX-20110809@;
24496;Aide : erreur fibre optique; @5W%t#ML-V2;Ayuda: Error fibra óptica; @5W%t#ML-V2.2;Help: Fiber optics mismatch; @5W%t#ML-V2;
8176;Réserve système FO critique;Reserva de sistema de fibra óptica crítica;FO link power margin critical;
24560;La réserve système FO se trouve en -dess;La reserva de sistema FO se encuentra po;The FO link power margin is below the @2;
8240;Erreur de fonctionnement du composant réseau; @5W%t#ML-V2.25-Festo-CPX-20110809@;Error de función del componente de red; @5W%t#ML-V2.25-Festo-CPX-20110809@;Network component function mismatch; @5W%t#ML-V2.25-Festo-CPX-20110809@;
24624;Aide : erreur de fonctionnement du compo;Ayuda: Error de función del componente d;Help: Network component function mismatc;
8304;Paquets de données rejetés pour surcharge;Debido a sobrecarga se han rechazado paquetes de datos;Data packets discarded due to overload;
24688;@2D%1d@ paquets de données au minimum on;Como mínimo @2D%1d@ paquetes de datos ha;At least @2D%1d@ data packets were disca;
8368;Erreur d'horloge; @5W%t#ML-V2.25-Festo-CPX-20110809@;Error de tiempo; @5W%t#ML-V2.25-Festo-CPX-20110809@;Time mismatch; @5W%t#ML-V2.25-Festo-CPX-20110809@;
24752;Aide : erreur de temporisation; @5W%t#ML;Ayuda: Error de tiempo; @5W%t#ML-V2.25-F;Help: Time mismatch; @5W%t#ML-V2.25-Fest;
8944;Configuration incohérente/Spécification du routeur par défaut;Configuración incoherente/especificación del gateway predeterminado;Inconsistent configuration / specification of the standard gateway;
25328;Un autre routeur par défaut a été config;Se ha configurado un gateway predetermin;A standard gateway has been configured f;
8945;Configuration incohérente/Spécification du NameOfStation;Configuración/especificación incoherente del nombre de dispositivo;Inconsistent configuration/specification of the NameOfStation;
25329;Un NameOfStation a déjà été configuré /a;Para otra interfaz de este módulo ya se ;A NameOfStation which is identical to th;
8946;Configuration incohérente/Spécification de l'adresse IP;Configuración/especificación incoherente de la dirección IP;Inconsistent configuration/specification of the IP address;
25330;Une adresse IP a déjà été configurée/att;Para otra interfaz ya se ha configurado/;An IP address which is in the same subne;
11360;No error;No error;No error;
27744;Help;Help;Help;
11362;General diagnosis;General diagnosis;General diagnosis;
27746;Help;Help;Help;
11364;Short circuit;Short circuit;Short circuit;
27748;Help;Help;Help;
11366;Wire fracture/idling current I/O;Wire fracture/idling current I/O;Wire fracture/idling current I/O;
27750;Help;Help;Help;
11376;Short circuit in actuator supply;Short circuit in actuator supply;Short circuit in actuator supply;
27760;Help;Help;Help;
11378;Undervoltage in power supply;Undervoltage in power supply;Undervoltage in power supply;
27762;Help;Help;Help;
11380;Unknown CBUS error (6);Unknown CBUS error (6);Unknown CBUS error (6);
27764;Help;Help;Help;
11382;Unknown CBUS error (7);Unknown CBUS error (7);Unknown CBUS error (7);
27766;Help;Help;Help;
11392;Unknown CBUS error (8);Unknown CBUS error (8);Unknown CBUS error (8);
27776;Help;Help;Help;
11394;Lower limit exceeded;Lower limit exceeded;Lower limit exceeded;
27778;Help;Help;Help;
11396;Upper limit exceeded;Upper limit exceeded;Upper limit exceeded;
27780;Help;Help;Help;
11398;Short circuit valve;Short circuit valve;Short circuit valve;
27782;Help;Help;Help;
11408;Pilot valve function warning;Pilot valve function warning;Pilot valve function warning;
27792;Help;Help;Help;
11410;Wire fracture (open load);Wire fracture (open load);Wire fracture (open load);
27794;Help;Help;Help;
11412;Condition counter exceeded;Condition counter exceeded;Condition counter exceeded;
27796;Help;Help;Help;
11414;Module/channel failure;Module/channel failure;Module/channel failure;
27798;Help;Help;Help;
11424;Module code incorrect;Module code incorrect;Module code incorrect;
27808;Help;Help;Help;
11426;I/O length incorrect;I/O length incorrect;I/O length incorrect;
27810;Help;Help;Help;
11428;Address range exceeded;Address range exceeded;Address range exceeded;
27812;Help;Help;Help;
11430;Life cycle exceeded;Life cycle exceeded;Life cycle exceeded;
27814;Help;Help;Help;
11440;Fault in parametrizing signal range;Fault in parametrizing signal range;Fault in parametrizing signal range;
27824;Help;Help;Help;
11442;Fault in parametrizing data format;Fault in parametrizing data format;Fault in parametrizing data format;
27826;Help;Help;Help;
11444;Fault in parametrizing linear scaling;Fault in parametrizing linear scaling;Fault in parametrizing linear scaling;
27828;Help;Help;Help;
11446;Fault in filter meas.value;Fault in filter meas.value;Fault in filter meas.value;
27830;Help;Help;Help;
11456;Fault in parametrizing lower limit;Fault in parametrizing lower limit;Fault in parametrizing lower limit;
27840;Help;Help;Help;
11458;Fault in parametrizing upper limit;Fault in parametrizing upper limit;Fault in parametrizing upper limit;
27842;Help;Help;Help;
11460;Fault in actuator supply;Fault in actuator supply;Fault in actuator supply;
27844;Help;Help;Help;
11462;Wrong device type mounted;Wrong device type mounted;Wrong device type mounted;
27846;Help;Help;Help;
11472;Alarm value reached;Alarm value reached;Alarm value reached;
27856;Help;Help;Help;
11474;Fault in parametrizing;Fault in parametrizing;Fault in parametrizing;
27858;Help;Help;Help;
11476;No new output data (slave);No new output data (slave);No new output data (slave);
27860;Help;Help;Help;
11478;No bus connection (slave);No bus connection (slave);No bus connection (slave);
27862;Help;Help;Help;
11488;No STI read access (slave);No STI read access (slave);No STI read access (slave);
27872;Help;Help;Help;
11490;No parameter access (slave);No parameter access (slave);No parameter access (slave);
27874;Help;Help;Help;
11492;CP module lost / fault;CP module lost / fault;CP module lost / fault;
27876;Help;Help;Help;
11494;CP configuration failure;CP configuration failure;CP configuration failure;
27878;Help;Help;Help;
11504;Short circuit CP-line;Short circuit CP-line;Short circuit CP-line;
27888;Help;Help;Help;
11506;Fault in controlling;Fault in controlling;Fault in controlling;
27890;Help;Help;Help;
11508;Missing valve;Missing valve;Missing valve;
27892;Help;Help;Help;
11510;Maintanance required;Maintanance required;Maintanance required;
27894;Help;Help;Help;
11520;Life Guard;Life Guard;Life Guard;
27904;Help;Help;Help;
11522;Heart Beat;Heart Beat;Heart Beat;
27906;Help;Help;Help;
11524;Com Cycle Period (Sync);Com Cycle Period (Sync);Com Cycle Period (Sync);
27908;Help;Help;Help;
11526;CAN Overrun (Objects lost);CAN Overrun (Objects lost);CAN Overrun (Objects lost);
27910;Help;Help;Help;
11536;Invalid PDO received;Invalid PDO received;Invalid PDO received;
27920;Help;Help;Help;
11538;CAN WarnLimit reached;CAN WarnLimit reached;CAN WarnLimit reached;
27922;Help;Help;Help;
11540;CAN recovered from BusOff;CAN recovered from BusOff;CAN recovered from BusOff;
27924;Help;Help;Help;
11542;Bus Power lost;Bus Power lost;Bus Power lost;
27926;Help;Help;Help;
11552;Fault in Calibration;Fault in Calibration;Fault in Calibration;
27936;Help;Help;Help;
11554;Lower drop out signal;Lower drop out signal;Lower drop out signal;
27938;Help;Help;Help;
11556;Upper drop out signal;Upper drop out signal;Upper drop out signal;
27940;Help;Help;Help;
11558;Sensor limit exceeded;Sensor limit exceeded;Sensor limit exceeded;
27942;Help;Help;Help;
11568;Short circuit cold junction comp.;Short circuit cold junction comp.;Short circuit cold junction comp.;
27952;Help;Help;Help;
11570;Open load cold junction comp.;Open load cold junction comp.;Open load cold junction comp.;
27954;Help;Help;Help;
11572;Calibration data incorrect;Calibration data incorrect;Calibration data incorrect;
27956;Help;Help;Help;
11574;Invalid process value;Invalid process value;Invalid process value;
27958;Help;Help;Help;
11584;Short circuit I-Port;Short circuit I-Port;Short circuit I-Port;
27968;Help;Help;Help;
11586;Device missing / failure;Device missing / failure;Device missing / failure;
27970;Help;Help;Help;
11588;I-Port configuration error;I-Port configuration error;I-Port configuration error;
27972;Help;Help;Help;
11590;Input overload;Input overload;Input overload;
27974;Help;Help;Help;
11600;Signal underflow/overflow;Signal underflow/overflow;Signal underflow/overflow;
27984;Help;Help;Help;
11602;Overvoltage in power supply;Overvoltage in power supply;Overvoltage in power supply;
27986;Help;Help;Help;
11616;Number of Modules incorrect;Number of Modules incorrect;Number of Modules incorrect;
28000;Help;Help;Help;
11618;F_Dest_Add mismatch;F_Dest_Add mismatch;F_Dest_Add mismatch;
28002;Help;Help;Help;
11620;F-Communication fault;F-Communication fault;F-Communication fault;
28004;Help;Help;Help;
11622;F-Communication timeout;F-Communication timeout;F-Communication timeout;
28006;Help;Help;Help;
11632;Leakage current;Leakage current;Leakage current;
28016;Help;Help;Help;
11634;F-Parameter fault;F-Parameter fault;F-Parameter fault;
28018;Help;Help;Help;
11636;CC-L: Station equip.status incorrect;CC-L: Station equip.status incorrect;CC-L: Station equip.status incorrect;
28020;Help;Help;Help;
11638;CC-L: Bus connection lost;CC-L: Bus connection lost;CC-L: Bus connection lost;
28022;Help;Help;Help;
11668;Value out of range;Value out of range;Value out of range;
28052;Help;Help;Help;
11680;Function failure;Function failure;Function failure;
28064;Help;Help;Help;
11760;Configuration error;Configuration error;Configuration error;
28144;Help;Help;Help;
11762;Execution error;Execution error;Execution error;
28146;Help;Help;Help;
11764;Record error;Record error;Record error;
28148;Help;Help;Help;
11766;Control error;Control error;Control error;
28150;Help;Help;Help;
11776;System error A;System error A;System error A;
28160;Help;Help;Help;
11778;System error B;System error B;System error B;
28162;Help;Help;Help;
11780;Error in valve;Error in valve;Error in valve;
28164;Help;Help;Help;
11782;Controller error;Controller error;Controller error;
28166;Help;Help;Help;
11792;Encoder error;Encoder error;Encoder error;
28176;Help;Help;Help;
11794;Error motor or power stage;Error motor or power stage;Error motor or power stage;
28178;Help;Help;Help;
11814;Subsystem module/channel failure;Subsystem module/channel failure;Subsystem module/channel failure;
28198;Help;Help;Help;
11872;Switch unit defective;Switch unit defective;Switch unit defective;
28256;Help;Help;Help;
11874;CBUS asic not ready;CBUS asic not ready;CBUS asic not ready;
28258;Help;Help;Help;
11876;CPU Hardware Trap;CPU Hardware Trap;CPU Hardware Trap;
28260;Help;Help;Help;
11878;CBUS C-manager not ready;CBUS C-manager not ready;CBUS C-manager not ready;
28262;Help;Help;Help;
11888;Watchdog overflow;Watchdog overflow;Watchdog overflow;
28272;Help;Help;Help;
11890;Remanent memory defective;Remanent memory defective;Remanent memory defective;
28274;Help;Help;Help;
11892;Flash system memory defective;Flash system memory defective;Flash system memory defective;
28276;Help;Help;Help;
11894;Number of mod.params.more than 64;Number of mod.params.more than 64;Number of mod.params.more than 64;
28278;Help;Help;Help;
11904;Slave not ready;Slave not ready;Slave not ready;
28288;Help;Help;Help;
11906;CBUS diagnostic telegram;CBUS diagnostic telegram;CBUS diagnostic telegram;
28290;Help;Help;Help;
11908;CBUS init fault (gap);CBUS init fault (gap);CBUS init fault (gap);
28292;Help;Help;Help;
11910;Order queue full;Order queue full;Order queue full;
28294;Help;Help;Help;
11920;CBUS-EEPROM error;CBUS-EEPROM error;CBUS-EEPROM error;
28304;Help;Help;Help;
11922;CBUS C-timeout error;CBUS C-timeout error;CBUS C-timeout error;
28306;Help;Help;Help;
11924;CBUS telegram fault;CBUS telegram fault;CBUS telegram fault;
28308;Help;Help;Help;
11926;BIU access error;BIU access error;BIU access error;
28310;Help;Help;Help;
11936;Licence error;Licence error;Licence error;
28320;Help;Help;Help;
11938;Built-in self test failed;Built-in self test failed;Built-in self test failed;
28322;Help;Help;Help;
11956;NETOS fatal error;NETOS fatal error;NETOS fatal error;
28340;Help;Help;Help;
12160;Fault param.transfer module n;Fault param.transfer module n;Fault param.transfer module n;
28544;Help;Help;Help;
12162;Invalid field bus address;Invalid field bus address;Invalid field bus address;
28546;Help;Help;Help;
12164;Protokoll Asic not ready;Protokoll Asic not ready;Protokoll Asic not ready;
28548;Help;Help;Help;
12166;MMI serves CBUS module;MMI serves CBUS module;MMI serves CBUS module;
28550;Help;Help;Help;
12176;Invalid setting switch unit;Invalid setting switch unit;Invalid setting switch unit;
28560;Help;Help;Help;
12178;Module set to default values;Module set to default values;Module set to default values;
28562;Help;Help;Help;
12374;Unknown error (255);Unknown error (255);Unknown error (255);
28758;Help;Help;Help;
12562;CPX critical system error;CPX critical system error;CPX critical system error;
28946;Help;Help;Help;
10008;;;;
26392;;;;
10136;Court-circuit;Cortocircuito;Short circuit;
26520;Contrôlez l'état des câbles de liaison.;Compruebe el estado de las líneas de con;Check the status of the connection lines;
10264;Sous-tension;Baja tensión;Low voltage;
26648;Contrôlez l'alimentation en tension.;Compruebe la fuente de alimentación.;Verify the power supply.;
10392;Surtension;Sobretensión;Overvoltage;
26776;Contrôlez l'alimentation en tension.;Compruebe la fuente de alimentación.;Verify the power supply.;
10520;Surcharge;Sobrecarga;Overload;
26904;Contrôlez les caractéristiques technique;Compruebe los datos técnicos de los comp;Check the technical specifications of th;
10648;Surchauffe;Sobretemperatura;Overtemperature;
27032;Contrôlez les caractéristiques technique;Compruebe los datos técnicos de los comp;Check the technical specifications of th;
10776;Rupture de fil;Rotura de hilo;Wire break;
27160;Contrôlez l'état des câbles de liaison.;Compruebe el estado de las líneas de con;Check the status of the connection lines;
10904;Limite supérieure dépassée;Límite superior excedido;High limit exceeded;
27288;Contrôlez les caractéristiques technique;Compruebe los datos técnicos de los comp;Check the technical specifications of th;
11032;Limite inférieure sous-dépassée;Límite inferior excedido;Low limit exceeded;
27416;Contrôlez les caractéristiques technique;Compruebe los datos técnicos de los comp;Check the technical specifications of th;
11160;Erreur;Fallo;Error;
27544;;;;
11288;Simulation active;Simulación activa;Simulation active;
27672;;;;
11416;réservé;Reservado;Reserved;
27800;;;;
11544;réservé;Reservado;Reserved;
27928;;;;
11672;réservé;Reservado;Reserved;
28056;;;;
11800;réservé;Reservado;Reserved;
28184;;;;
11928;Paramètre manquant;Falta el parámetro;Parameter missing;
28312;;;;
12056;Erreur de parametrage;Error parametrizacion;Parameter assignment error;
28440;;;;
12184;Absence tension de capteur ou charge;Falta tension sensor o carga;Sensor or load voltage missing;
28568;;;;
12312;Fusible defectueux;Fusible defectuoso;Fuse defective;
28696;;;;
12440;Erreur de communication;Error de comunicacion;Slot not addressable;
28824;;;;
12568;Erreur de masse;Error de masa;Ground error;
28952;;;;
12696;Erreur voie de reference;Error canal referencia;Reference channel error;
29080;;;;
12824;Alarme processus perdue;Alarma de proceso perdida;Process interrupt lost;
29208;;;;
12952;Attention;Advertencia;Warning;
29336;;;;
13080;Arrêt;Desconexión;Shutoff;
29464;;;;
13208;Arrêt de sécurité;Desconexión de seguridad;Fail-safe shutoff;
29592;;;;
13336;Defaut externe;Error externo;external error;
29720;;;;
13464;Defaut non specifie;Error indefinido;ambiguous error;
29848;;;;
13592;réservé;Reservado;Reserved;
29976;;;;
13720;Défaut 1 de l'actionn./du capt.;Errore 1 nell´attuat./trasdutt.;Actuator/sensor fault 1;
30104;;;;
13848;Erreur 2 dans actionneur / capteur;Fallo 2 en actuador / sensor;Fault 2 in actuator/sensor;
30232;;;;
13976;Channel temporary error;Channel temporary error;Channel temporary error;
30360;;;;
10152;Transmission de données impossible; @5W%t#et200pro-20110525@;Transferencia de datos imposible; @5W%t#et200pro-20110525@;Data transmission impossible; @5W%t#et200pro-20110525@;
26536;Aide : transmission de données impossibl;Ayuda: Transferencia de datos imposible;;Help: Data transmission impossible; @5W%;
10216;Pas de connexion physique au port;No hay conexión física en el puerto;No physical connection on port;
26600;Une surveillance de port a été configuré;Se ha configurado la vigilancia del puer;Port monitoring was configured, there is;
10217;Erreur pour "Support de transmission/Duplex";Error en "Soporte de transferencia/dúplex";Error with "Transfer medium/duplex";
26601;"Support de transmission / Duplex" a été;"Soporte de transferencia / dúplex" se h;"Transfer medium / duplex" was configure;
10218;Erreur à la vérification des données de câble;Error al comprobar los datos de línea;Error during cable data check;
26602;Causes possibles :
 - La longueur de câb;Causas posibles:
 - La longitud de línea;Possible causes:
 - The discovered cable;
10280;Erreur partenaire; @5W%t#et200pro-20110525@;Error en el partner; @5W%t#et200pro-20110525@;Remote mismatch; @5W%t#et200pro-20110525@;
26664;Aide : erreur partenaire; @5W%t#et200pro;Ayuda: Error en el partner; @5W%t#et200p;Help: Remote mismatch; @5W%t#et200pro-20;
10344;Partenaire incorrect;Partner incorrecto;Wrong partner;
26728;Une connexion de port a été configurée, ;Se ha configurado una conexión de puerto;A port interconnection was configured bu;
10345;Port partenaire incorrect;Puerto partner erróneo;Wrong partner port;
26729;Une connexion de port a été configurée, ;Se ha configurado una conexión de puerto;A port interconnection was configured bu;
10346;IRT (Top Performance) impossible sur ce port;IRT (Top Performance) no es posible en este puerto;IRT (top performance) not possible at this port;
26730;Causes possibles :
 - Autres erreurs de ;Causas posibles:
 - Otros errores de com;Possible causes:
 - Other communications;
10347;Incohérence pour "Support de transmission / Duplex";Incoherencia en "Soporte de transferencia / dúplex";Inconsistency in "transmission medium / duplex";
26731;"Support de transmission/Duplex" a été c;Se ha configurado el "Medio de transmisi;"Transmission medium/duplex" was configu;
10348;Incohérence de la configuration MRP / du câblage;Incoherencia en la configuración MRP / cableado;Inconsistent MRP configuration / wiring;
26732;Domaine MRP configuré ; la sélection loc;Se ha configurado un dominio MRP, pero l;MRP domain was configured; the local set;
10349;Le voisin n'a pas pu être détecté;Imposible detectar el vecino;The neighbor could not be identified;
26733;Une connexion de port a été configurée, ;Se ha configurado una conexión de puerto;A port interconnection was configured bu;
10350;Incohérence de la configuration MRRT;Incoherencia en la configuración MRRT;Inconsistent MRRT configuration;
26734;L'attribut MRRT  a été configuré; les op;Se ha configurado la característica MRRT;The MRRT feature was configured; the loc;
10351;Différence à la détermination de longueur de câble;Diferencia al determinar la longitud del cable;Difference in cable length measurement;
26735;"Support de transmission / Duplex" a été;Se ha configurado "Soporte de transferen;"Transmission medium / Duplex" was confi;
10360;Nom de domaine Sync utilisé plusieurs fois;El nombre del dominio Sync se utiliza repetidas veces;Sync domain name used more than once;
26744;Deux domaines Sync de même nom ont été c;En la subred Ethernet se han configurado;Two sync domains with the same name were;
10408;Erreur de redondance de supports de transmission; @5W%t#et200pro-20110525@;Error de redundancia de medios; @5W%t#et200pro-20110525@;Media redundancy mismatch; @5W%t#et200pro-20110525@;
26792;Aide : erreur de redondance de supports ;Ayuda: Redundancia de medios; @5W%t#et20;Help: Media redundancy mismatch; @5W%t#e;
10472;Le gestionnaire de redondance ne peut pas assumer le rôle configuré.;El manager de redundancia no puede asumir la función configurada.;Redundancy manager cannot adopt the configured role;
26856;Signifie que le gestionnaire de redondan;Indica que el manager de redundancia asu;Indicates that the configured redundancy;
10473;Anneau ouvert;Anillo abierto;Ring opened;
26857;Indique que l'anneau est interrompu unil;Indica que el anillo se ha interrumpido ;Indicates that the ring has been interru;
10474;Redondance RT plus garantie;Redundancia RT no garantizada;RT redundancy not effective;
26858;Indique que l'anneau n'est pas fermé pou;Indica que el anillo para la comunicació;Indicates that the ring is not closed fo;
10475;Il existe plusieurs gestionnaires de redondance au sein de l'anneau;En el anillo se encuentran varios administradores de redundancia;There is more than one redundancy manager in the ring;
26859;Indique que plusieurs appareils assument;Indica que en el anillo se encuentran va;Indicates that more than one device in t;
10536;Perte de synchronisation; @5W%t#et200pro-20110525@;Pérdida de sincronización; @5W%t#et200pro-20110525@;Sync mismatch; @5W%t#et200pro-20110525@;
26920;Aide : perte de synchronisation; @5W%t#e;Ayuda: Pérdida de sincronización; @5W%t#;Help: Sync mismatch; @5W%t#et200pro-2011;
10600;L'esclave Sync ne sera pas synchronisé;No se sincroniza el SyncSlave;Sync slave will not be synchronized;
26984;La station est un esclave Sync et n'est ;El equipo es un SyncSlave y no se sincro;The station is a sync slave and it is no;
10603;Station non synchrone;Equipo no síncrono;Station not synchronized;
26987;La synchronisation se trouve hors de la ;La sincronización está fuera del rango d;Synchronization is outside the range of ;
10664;Erreur de synchronisme d'horloge; @5W%t#et200pro-20110525@;Error de modo isócrono; @5W%t#et200pro-20110525@;Isochronous mode mismatch; @5W%t#et200pro-20110525@;
27048;Aide : erreur de synchronisme d'horloge;;Ayuda: Error de modo isócrono; @5W%t#et2;Help: Isochronous mode mismatch; @5W%t#e;
10792;Erreur Multicast CR; @5W%t#et200pro-20110525@;Error CR multicast; @5W%t#et200pro-20110525@;Multicast CR mismatch; @5W%t#et200pro-20110525@;
27176;Aide : Erreur CR Multicast; @5W%t#et200p;Ayuda: Error CR multicast; @5W%t#et200pr;Help: Multicast CR mismatch; @5W%t#et200;
10920;réservé; @5W%t#et200pro-20110525@;Reservado; @5W%t#et200pro-20110525@;Reserved; @5W%t#et200pro-20110525@;
27304;Aide : réservée; @5W%t#et200pro-20110525;Ayuda: Ayuda; @5W%t#et200pro-20110525@;Help: Reserved; @5W%t#et200pro-20110525@;
11048;Erreur fibre optique; @5W%t#et200pro-20110525@;Error fibra óptica; @5W%t#et200pro-20110525@;Fiber optics mismatch; @5W%t#et200pro-20110525@;
27432;Aide : erreur fibre optique; @5W%t#et200;Ayuda: Error fibra óptica; @5W%t#et200pr;Help: Fiber optics mismatch; @5W%t#et200;
11112;Réserve système FO critique;Reserva de sistema de fibra óptica crítica;FO link power margin critical;
27496;La réserve système FO se trouve en -dess;La reserva de sistema FO se encuentra po;The FO link power margin is below the @2;
11176;Erreur de fonctionnement du composant réseau; @5W%t#et200pro-20110525@;Error de función del componente de red; @5W%t#et200pro-20110525@;Network component function mismatch; @5W%t#et200pro-20110525@;
27560;Aide : erreur de fonctionnement du compo;Ayuda: Error de función del componente d;Help: Network component function mismatc;
11240;Paquets de données rejetés pour surcharge;Debido a sobrecarga se han rechazado paquetes de datos;Data packets discarded due to overload;
27624;@2D%1d@ paquets de données au minimum on;Como mínimo @2D%1d@ paquetes de datos ha;At least @2D%1d@ data packets were disca;
11304;Erreur d'horloge; @5W%t#et200pro-20110525@;Error de tiempo; @5W%t#et200pro-20110525@;Time mismatch; @5W%t#et200pro-20110525@;
27688;Aide : erreur de temporisation; @5W%t#et;Ayuda: Error de tiempo; @5W%t#et200pro-2;Help: Time mismatch; @5W%t#et200pro-2011;
11880;Configuration incohérente/Spécification du routeur par défaut;Configuración incoherente/especificación del gateway predeterminado;Inconsistent configuration / specification of the standard gateway;
28264;Un autre routeur par défaut a été config;Se ha configurado un gateway predetermin;A standard gateway has been configured f;
11881;Configuration incohérente/Spécification du NameOfStation;Configuración/especificación incoherente del nombre de dispositivo;Inconsistent configuration/specification of the NameOfStation;
28265;Un NameOfStation a déjà été configuré /a;Para otra interfaz de este módulo ya se ;A NameOfStation which is identical to th;
11882;Configuration incohérente/Spécification de l'adresse IP;Configuración/especificación incoherente de la dirección IP;Inconsistent configuration/specification of the IP address;
28266;Une adresse IP a déjà été configurée/att;Para otra interfaz ya se ha configurado/;An IP address which is in the same subne;
14056;;;;
30440;;;;
14184;Court-circuit;Cortocircuito;Short circuit;
30568;Contrôlez l'état des câbles de liaison.;Compruebe el estado de las líneas de con;Check the status of the connection lines;
14312;Sous-tension;Baja tensión;Low voltage;
30696;Contrôlez l'alimentation en tension.;Compruebe la fuente de alimentación.;Verify the power supply.;
14440;Surtension;Sobretensión;Overvoltage;
30824;Contrôlez l'alimentation en tension.;Compruebe la fuente de alimentación.;Verify the power supply.;
14568;Surcharge;Sobrecarga;Overload;
30952;Contrôlez les caractéristiques technique;Compruebe los datos técnicos de los comp;Check the technical specifications of th;
14696;Surchauffe;Sobretemperatura;Overtemperature;
31080;Contrôlez les caractéristiques technique;Compruebe los datos técnicos de los comp;Check the technical specifications of th;
14824;Rupture de fil;Rotura de hilo;Wire break;
31208;Contrôlez l'état des câbles de liaison.;Compruebe el estado de las líneas de con;Check the status of the connection lines;
14952;Limite supérieure dépassée;Límite superior excedido;High limit exceeded;
31336;Contrôlez les caractéristiques technique;Compruebe los datos técnicos de los comp;Check the technical specifications of th;
15080;Limite inférieure sous-dépassée;Límite inferior excedido;Low limit exceeded;
31464;Contrôlez les caractéristiques technique;Compruebe los datos técnicos de los comp;Check the technical specifications of th;
15208;Erreur;Fallo;Error;
31592;;;;
15336;Simulation active;Simulación activa;Simulation active;
31720;;;;
15464;réservé;Reservado;Reserved;
31848;;;;
15592;réservé;Reservado;Reserved;
31976;;;;
15720;réservé;Reservado;Reserved;
32104;;;;
15848;réservé;Reservado;Reserved;
32232;;;;
15976;Paramètre manquant;Falta el parámetro;Parameter missing;
32360;;;;
16104;Erreur de paramétrage;Error de parametrización;Parameter assignment error;
32488;Cause : paramètres de module incorrects.;Causa: Parámetros de módulo incorrectos.;Cause: Bad module parameter. Remedy: Che;
16232;Absence de tension capteur ou de charge;Falta tensión de sensores o de carga;Power supply fault;
32616;Cause : absence de tension d'alimentatio;Causa: Falta tensión de carga. Solución:;Cause: No power supply. Remedy: Check wi;
48;Fusible defectueux;Fusible defectuoso;Fuse blown / open;
16432;Cause : surcharge. Solution : supprimez ;Causa: Sobrecarga. Solución: Eliminar la;Cause: Overload. Remedy: Remove cause of;
176;Emplacement non accessible;El slot no responde;Slot cannot be addressed;
16560;Cause : erreur de communication à cause ;Causa: Error de comunicación de diferent;Cause: Communication error with various ;
304;Défaut à la masse;Defecto a masa;Ground fault;
16688;Cause : dépassement de la tension mode c;Causa: Tensión en modo común rebasada o ;Cause: Common mode voltage exceeded or M;
432;Erreur de voie de référence;Error del canal de referencia;Reference point list;
16816;Cause : erreur de voie de référence. Sol;Causa: Error en el canal de referencia. ;Cause: Error on reference channel. Remed;
560;Alarme de processus perdue;Alarma de proceso perdida;Process event lost / sampling error;
16944;Cause : alarme de processus. Solution : ;Causa: Alarma de proceso. Solución: Camb;Cause: Hardware interrupt. Remedy: Chang;
688;Avertissement actionneur;Advertencia de actuador;Threshold warning;
17072;Cause : actionneur signale un dépassemen;Causa: El actuador notifica el rebase de;Cause: Actuator signaling a limit value ;
816;Coupure actionneur;Desconexión de actuador;Output disabled;
17200;Cause : problème d'actionneur détecté. S;Causa: Se ha detectado un problema con e;Cause: Problem detected on actuator. Rem;
944;Arrêt de sécurité;Desconexión orientada a seguridad;Safety event;
17328;Cause : erreur de voie détectée. Solutio;Causa: Se ha detectado un fallo en el ca;Cause: Error detected on channel. Remedy;
1072;Défaut externe;Error externo;External fault;
17456;Cause : Erreur de capteur/actionneur dét;Causa: Se ha detectado un fallo en el se;Cause: Problem detected on sensor/actuat;
1200;Défaut non spécifié;Error no definido;Unidentified error;
17584;Cause : ne peut être spécifiée. Solution;Causa: No se puede especificar con detal;Cause: Cannot be specified in greater de;
1328;réservé;Reservado;Reserved;
17712;;;;
1456;Erreur 1 dans actionneur / capteur;Fallo 1 en actuador / sensor;Fault 1 in actuator/sensor;
17840;;;;
1584;Erreur 2 dans actionneur / capteur;Fallo 2 en actuador / sensor;Fault 2 in actuator/sensor;
17968;;;;
1712;Erreur temporaire;Fallo temporal;Temporary error;
18096;;;;
14200;Transmission de données impossible; @5W%t#PNPNIOC-20110429@;Transferencia de datos imposible; @5W%t#PNPNIOC-20110429@;Data transmission impossible; @5W%t#PNPNIOC-20110429@;
30584;Aide : transmission de données impossibl;Ayuda: Transferencia de datos imposible;;Help: Data transmission impossible; @5W%;
14264;Pas de connexion physique au port;No hay conexión física en el puerto;No physical connection on port;
30648;Une surveillance de port a été configuré;Se ha configurado la vigilancia del puer;Port monitoring was configured, there is;
14265;Erreur pour "Support de transmission/Duplex";Error en "Soporte de transferencia/dúplex";Error with "Transfer medium/duplex";
30649;"Support de transmission / Duplex" a été;"Soporte de transferencia / dúplex" se h;"Transfer medium / duplex" was configure;
14266;Erreur à la vérification des données de câble;Error al comprobar los datos de línea;Error during cable data check;
30650;Causes possibles :
 - La longueur de câb;Causas posibles:
 - La longitud de línea;Possible causes:
 - The discovered cable;
14328;Erreur partenaire; @5W%t#PNPNIOC-20110429@;Error en el partner; @5W%t#PNPNIOC-20110429@;Remote mismatch; @5W%t#PNPNIOC-20110429@;
30712;Aide : erreur partenaire; @5W%t#PNPNIOC-;Ayuda: Error en el partner; @5W%t#PNPNIO;Help: Remote mismatch; @5W%t#PNPNIOC-201;
14392;Partenaire incorrect;Partner incorrecto;Wrong partner;
30776;Une connexion de port a été configurée, ;Se ha configurado una conexión de puerto;A port interconnection was configured bu;
14393;Port partenaire incorrect;Puerto partner erróneo;Wrong partner port;
30777;Une connexion de port a été configurée, ;Se ha configurado una conexión de puerto;A port interconnection was configured bu;
14394;IRT (Top Performance) impossible sur ce port;IRT (Top Performance) no es posible en este puerto;IRT (top performance) not possible at this port;
30778;Causes possibles :
 - Autres erreurs de ;Causas posibles:
 - Otros errores de com;Possible causes:
 - Other communications;
14395;Incohérence pour "Support de transmission / Duplex";Incoherencia en "Soporte de transferencia / dúplex";Inconsistency in "transmission medium / duplex";
30779;"Support de transmission/Duplex" a été c;Se ha configurado el "Medio de transmisi;"Transmission medium/duplex" was configu;
14396;Incohérence de la configuration MRP / du câblage;Incoherencia en la configuración MRP / cableado;Inconsistent MRP configuration / wiring;
30780;Domaine MRP configuré ; la sélection loc;Se ha configurado un dominio MRP, pero l;MRP domain was configured; the local set;
14397;Le voisin n'a pas pu être détecté;Imposible detectar el vecino;The neighbor could not be identified;
30781;Une connexion de port a été configurée, ;Se ha configurado una conexión de puerto;A port interconnection was configured bu;
14398;Incohérence de la configuration MRRT;Incoherencia en la configuración MRRT;Inconsistent MRRT configuration;
30782;L'attribut MRRT  a été configuré; les op;Se ha configurado la característica MRRT;The MRRT feature was configured; the loc;
14399;Différence à la détermination de longueur de câble;Diferencia al determinar la longitud del cable;Difference in cable length measurement;
30783;"Support de transmission / Duplex" a été;Se ha configurado "Soporte de transferen;"Transmission medium / Duplex" was confi;
14408;Nom de domaine Sync utilisé plusieurs fois;El nombre del dominio Sync se utiliza repetidas veces;Sync domain name used more than once;
30792;Deux domaines Sync de même nom ont été c;En la subred Ethernet se han configurado;Two sync domains with the same name were;
14456;Erreur de redondance de supports de transmission; @5W%t#PNPNIOC-20110429@;Error de redundancia de medios; @5W%t#PNPNIOC-20110429@;Media redundancy mismatch; @5W%t#PNPNIOC-20110429@;
30840;Aide : erreur de redondance de supports ;Ayuda: Redundancia de medios; @5W%t#PNPN;Help: Media redundancy mismatch; @5W%t#P;
14520;Le gestionnaire de redondance ne peut pas assumer le rôle configuré.;El manager de redundancia no puede asumir la función configurada.;Redundancy manager cannot adopt the configured role;
30904;Signifie que le gestionnaire de redondan;Indica que el manager de redundancia asu;Indicates that the configured redundancy;
14521;Anneau ouvert;Anillo abierto;Ring opened;
30905;Indique que l'anneau est interrompu unil;Indica que el anillo se ha interrumpido ;Indicates that the ring has been interru;
14522;Redondance RT plus garantie;Redundancia RT no garantizada;RT redundancy not effective;
30906;Indique que l'anneau n'est pas fermé pou;Indica que el anillo para la comunicació;Indicates that the ring is not closed fo;
14523;Il existe plusieurs gestionnaires de redondance au sein de l'anneau;En el anillo se encuentran varios administradores de redundancia;There is more than one redundancy manager in the ring;
30907;Indique que plusieurs appareils assument;Indica que en el anillo se encuentran va;Indicates that more than one device in t;
14584;Perte de synchronisation; @5W%t#PNPNIOC-20110429@;Pérdida de sincronización; @5W%t#PNPNIOC-20110429@;Sync mismatch; @5W%t#PNPNIOC-20110429@;
30968;Aide : perte de synchronisation; @5W%t#P;Ayuda: Pérdida de sincronización; @5W%t#;Help: Sync mismatch; @5W%t#PNPNIOC-20110;
14648;L'esclave Sync ne sera pas synchronisé;No se sincroniza el SyncSlave;Sync slave will not be synchronized;
31032;La station est un esclave Sync et n'est ;El equipo es un SyncSlave y no se sincro;The station is a sync slave and it is no;
14651;Station non synchrone;Equipo no síncrono;Station not synchronized;
31035;La synchronisation se trouve hors de la ;La sincronización está fuera del rango d;Synchronization is outside the range of ;
14712;Erreur de synchronisme d'horloge; @5W%t#PNPNIOC-20110429@;Error de modo isócrono; @5W%t#PNPNIOC-20110429@;Isochronous mode mismatch; @5W%t#PNPNIOC-20110429@;
31096;Aide : erreur de synchronisme d'horloge;;Ayuda: Error de modo isócrono; @5W%t#PNP;Help: Isochronous mode mismatch; @5W%t#P;
14840;Erreur Multicast CR; @5W%t#PNPNIOC-20110429@;Error CR multicast; @5W%t#PNPNIOC-20110429@;Multicast CR mismatch; @5W%t#PNPNIOC-20110429@;
31224;Aide : Erreur CR Multicast; @5W%t#PNPNIO;Ayuda: Error CR multicast; @5W%t#PNPNIOC;Help: Multicast CR mismatch; @5W%t#PNPNI;
14968;réservé; @5W%t#PNPNIOC-20110429@;Reservado; @5W%t#PNPNIOC-20110429@;Reserved; @5W%t#PNPNIOC-20110429@;
31352;Aide : réservée; @5W%t#PNPNIOC-20110429@;Ayuda: Ayuda; @5W%t#PNPNIOC-20110429@;Help: Reserved; @5W%t#PNPNIOC-20110429@;
15096;Erreur fibre optique; @5W%t#PNPNIOC-20110429@;Error fibra óptica; @5W%t#PNPNIOC-20110429@;Fiber optics mismatch; @5W%t#PNPNIOC-20110429@;
31480;Aide : erreur fibre optique; @5W%t#PNPNI;Ayuda: Error fibra óptica; @5W%t#PNPNIOC;Help: Fiber optics mismatch; @5W%t#PNPNI;
15160;Réserve système FO critique;Reserva de sistema de fibra óptica crítica;FO link power margin critical;
31544;La réserve système FO se trouve en -dess;La reserva de sistema FO se encuentra po;The FO link power margin is below the @2;
15224;Erreur de fonctionnement du composant réseau; @5W%t#PNPNIOC-20110429@;Error de función del componente de red; @5W%t#PNPNIOC-20110429@;Network component function mismatch; @5W%t#PNPNIOC-20110429@;
31608;Aide : erreur de fonctionnement du compo;Ayuda: Error de función del componente d;Help: Network component function mismatc;
15288;Paquets de données rejetés pour surcharge;Debido a sobrecarga se han rechazado paquetes de datos;Data packets discarded due to overload;
31672;@2D%1d@ paquets de données au minimum on;Como mínimo @2D%1d@ paquetes de datos ha;At least @2D%1d@ data packets were disca;
15352;Erreur d'horloge; @5W%t#PNPNIOC-20110429@;Error de tiempo; @5W%t#PNPNIOC-20110429@;Time mismatch; @5W%t#PNPNIOC-20110429@;
31736;Aide : erreur de temporisation; @5W%t#PN;Ayuda: Error de tiempo; @5W%t#PNPNIOC-20;Help: Time mismatch; @5W%t#PNPNIOC-20110;
15928;Configuration incohérente/Spécification du routeur par défaut;Configuración incoherente/especificación del gateway predeterminado;Inconsistent configuration / specification of the standard gateway;
32312;Un autre routeur par défaut a été config;Se ha configurado un gateway predetermin;A standard gateway has been configured f;
15929;Configuration incohérente/Spécification du NameOfStation;Configuración/especificación incoherente del nombre de dispositivo;Inconsistent configuration/specification of the NameOfStation;
32313;Un NameOfStation a déjà été configuré /a;Para otra interfaz de este módulo ya se ;A NameOfStation which is identical to th;
15930;Configuration incohérente/Spécification de l'adresse IP;Configuración/especificación incoherente de la dirección IP;Inconsistent configuration/specification of the IP address;
32314;Une adresse IP a déjà été configurée/att;Para otra interfaz ya se ha configurado/;An IP address which is in the same subne;
13096;Défaillance de l'alimentation en tension gauche;Fallo tensión de alimentación izquierda;Failure of power supply left;
29480;;;;
13097;Défaillance de l'alimentation en tension droit;Fallo tensión de alimentación derecha;Failure of power supply right;
29481;;;;
13608;Erreur de paramétrage: Autre sous-réseau non configuré;Error de configuración: Otra subred no configurada;Projection fault: Other subnet not projected;
29992;;;;
13609;Erreur de paramétrage: Configuration divergente des sous-réseaux;Error de configuración: Configuración divergente de las subredes;Projection fault: Difference between netsides;
29993;;;;
13611;Erreur de paramétrage: DIA activé, mais aucune donnée d'entrée n'est configurée;Error de configuración: DIA activo, pero no hay datos de entrada configurados;Projection fault: DIA set, but no Input data configured;
29995;;;;
14120;Data  invalid;Data  invalid;Data  invalid;
30504;;;;
