//Nota: Este archivo de exportación en formato CSV no se debe abrir con un doble clic en el archivo.;;;;
//Por favor, abra este archivo con el comando Archivo > Abrir de MS-Excel;;;;
$_Languages;;;;
7(5) Alemán (Liechtenstein);10(1) Español - España (alfabetización tradicional);9(1) Inglés (Estados Unidos);12(1) Francés (Francia);
$_Typ(OtherText);$_Attrib(MultiLanguage);$_Attrib(MultiLanguage);$_Attrib(MultiLanguage);
//$_Exportación el 19/02/2016 14:05:21;;;;
5624;Hay demasiadas informaciones de diagnóstico;Too much diagnostic information generated;Trop d'informations de diagnostic;
22008;El bloque de datos de imágenes de diagnó;The HMI diagnostic picture data block fo;Le bloc de données des vues de diagnotic;
5625;Error al llamar el SFB 52;Error calling SFB 52;Erreur à l'appel du SFB 52;
22009;Al actualizar el bloque de datos de imág;An error occurred calling SFB 52 during ;Une erreur s'est produite lors de l'actu;
5656;Módulo no insertado;Module is not plugged in;Module non enfiché;
22040;Compruebe si el módulo está enchufado co;Check whether or not the module is corre;Vérifiez si le module est correctement e;
5657;Módulo enchufado incorrecto;Wrong module plugged in;Module incorrect enfiché;
22041;Compruebe el módulo.;Check the module.;Contrôlez le module.;
5658;El módulo es correcto pero hay como mínimo un submódulo incorrecto;The module is correct but at least one submodule is incorrect;Le module est correct mais une cartouche au moins est incorrecte.;
22042;Compruebe los submódulos del módulo.;Check the submodules of the module.;Contrôlez les cartouches du module.;
5659;Módulo incorrecto, pero compatible con la configuración;Wrong module but it is compatible with the configuration;Module incorrect, mais compatible avec la configuration.;
22043;Como el módulo es compatible con la conf;The module is compatible with the config;Comme le module est compatible avec le c;
5720;Submódulo no insertado;Submodule is not plugged in;Cartouche non enfichée;
22104;Compruebe si el submódulo está enchufado;Check whether or not the submodule is co;Vérifiez si la cartouche est correctemen;
5721;Submódulo compatible con la configuración;Submodule is compatible to the configuration;Cartouche compatible avec la configuration;
22105;Como el submódulo es compatible con la c;The submodule is compatible with the con;Comme la cartouche est compatible avec l;
5722;Submódulo bloqueado por el controlador;Submodule is block by the controller;Cartouche bloquée par le contrôleur.;
22106;;;;
5724;Una aplicación está accediendo al submódulo;An application is accessing the submodule;Une application accède à la cartouche.;
22108;;;;
5727;Submódulo incorrecto, pero compatible con la configuración;Wrong submodule but it is compatible with the configuration;Cartouche incorrecte, mais compatible avec la configuration;
22111;Como el submódulo es compatible con la c;The submodule is compatible with the con;Comme la cartouche est compatible avec l;
6968;;;;
23352;;;;
7096;Cortocircuito;Short circuit;Court-circuit;
23480;Compruebe el estado de las líneas de con;Check the status of the connection lines;Contrôlez l'état des câbles de liaison.;
7224;Baja tensión;Low voltage;Sous-tension;
23608;Compruebe la fuente de alimentación.;Verify the power supply.;Contrôlez l'alimentation en tension.;
7352;Sobretensión;Overvoltage;Surtension;
23736;Compruebe la fuente de alimentación.;Verify the power supply.;Contrôlez l'alimentation en tension.;
7480;Sobrecarga;Overload;Surcharge;
23864;Compruebe los datos técnicos de los comp;Check the technical specifications of th;Contrôlez les caractéristiques technique;
7608;Sobretemperatura;Overtemperature;Surchauffe;
23992;Compruebe los datos técnicos de los comp;Check the technical specifications of th;Contrôlez les caractéristiques technique;
7736;Rotura de hilo;Wire break;Rupture de fil;
24120;Compruebe el estado de las líneas de con;Check the status of the connection lines;Contrôlez l'état des câbles de liaison.;
7864;Límite superior excedido;High limit exceeded;Limite supérieure dépassée;
24248;Compruebe los datos técnicos de los comp;Check the technical specifications of th;Contrôlez les caractéristiques technique;
7992;Límite inferior excedido;Low limit exceeded;Limite inférieure sous-dépassée;
24376;Compruebe los datos técnicos de los comp;Check the technical specifications of th;Contrôlez les caractéristiques technique;
8120;Fallo;Error;Erreur;
24504;;;;
8248;Simulación activa;Simulation active;Simulation active;
24632;;;;
8376;Reservado;Reserved;réservé;
24760;;;;
8504;Reservado;Reserved;réservé;
24888;;;;
8632;Reservado;Reserved;réservé;
25016;;;;
8760;Reservado;Reserved;réservé;
25144;;;;
8888;Falta el parámetro;Parameter missing;Paramètre manquant;
25272;;;;
9016;Error de parametrización;Parameter assignment error;Erreur de paramétrage;
25400;Causa: Parámetros de módulo incorrectos.;Cause: Bad module parameter. Remedy: Che;Cause : paramètres de module incorrects.;
9144;Falta tensión de sensores o de carga;Power supply fault;Absence de tension capteur ou de charge;
25528;Causa: Falta tensión de carga. Solución:;Cause: No power supply. Remedy: Check wi;Cause : absence de tension d'alimentatio;
9272;Fusible defectuoso;Fuse blown / open;Fusible defectueux;
25656;Causa: Sobrecarga. Solución: Eliminar la;Cause: Overload. Remedy: Remove cause of;Cause : surcharge. Solution : supprimez ;
9400;El slot no responde;Slot cannot be addressed;Emplacement non accessible;
25784;Causa: Error de comunicación de diferent;Cause: Communication error with various ;Cause : erreur de communication à cause ;
9528;Defecto a masa;Ground fault;Défaut à la masse;
25912;Causa: Tensión en modo común rebasada o ;Cause: Common mode voltage exceeded or M;Cause : dépassement de la tension mode c;
9656;Error del canal de referencia;Reference point list;Erreur de voie de référence;
26040;Causa: Error en el canal de referencia. ;Cause: Error on reference channel. Remed;Cause : erreur de voie de référence. Sol;
9784;Alarma de proceso perdida;Process event lost / sampling error;Alarme de processus perdue;
26168;Causa: Alarma de proceso. Solución: Camb;Cause: Hardware interrupt. Remedy: Chang;Cause : alarme de processus. Solution : ;
9912;Advertencia de actuador;Threshold warning;Avertissement actionneur;
26296;Causa: El actuador notifica el rebase de;Cause: Actuator signaling a limit value ;Cause : actionneur signale un dépassemen;
10040;Desconexión de actuador;Output disabled;Coupure actionneur;
26424;Causa: Se ha detectado un problema con e;Cause: Problem detected on actuator. Rem;Cause : problème d'actionneur détecté. S;
10168;Desconexión orientada a seguridad;Safety event;Arrêt de sécurité;
26552;Causa: Se ha detectado un fallo en el ca;Cause: Error detected on channel. Remedy;Cause : erreur de voie détectée. Solutio;
10296;Error externo;External fault;Défaut externe;
26680;Causa: Se ha detectado un fallo en el se;Cause: Problem detected on sensor/actuat;Cause : Erreur de capteur/actionneur dét;
10424;Error no definido;Unidentified error;Défaut non spécifié;
26808;Causa: No se puede especificar con detal;Cause: Cannot be specified in greater de;Cause : ne peut être spécifiée. Solution;
10552;Reservado;Reserved;réservé;
26936;;;;
10680;Fallo 1 en actuador / sensor;Fault 1 in actuator/sensor;Erreur 1 dans actionneur / capteur;
27064;;;;
10808;Fallo 2 en actuador / sensor;Fault 2 in actuator/sensor;Erreur 2 dans actionneur / capteur;
27192;;;;
10936;Fallo temporal;Temporary error;Erreur temporaire;
27320;;;;
7040;Linkup no permitido;Illegal linkup;Linkup illicite;
23424;Estado de link distinto del predetermina;Link status different from setting in pa;Etat de connexion différent des spécific;
7168;Linkdown no permitido;Illegal linkdown;Linkdown illicite;
23552;Estado de link distinto del predetermina;Link status different from setting in pa;Etat de connexion différent des spécific;
7296;Velocidad de transmisión no permitida;Illegal transmission rate;Vitesse de transmission illicite;
23680;Velocidad de transmisión distinta de la ;Transmission rate different from setting;Vitesse de transmission différente des s;
7424;Duplexity no permitida;Illegal duplexity;Duplexity illicite;
23808;Duplexity ditinta de la predeterminada e;Duplexity different from setting in para;Duplexity différente des spécifications ;
7552;Sobrecarga de frame;Frame overload;Surcharge de trames;
23936;Los telegramas rechazados sobrepasan o n;More or less discarded frames than set a;Les télégrammes rejetés dépassent le seu;
7112;Transferencia de datos imposible; @5W%t#A02A-SCALANCE_X200-20100120@;Data transmission impossible; @5W%t#A02A-SCALANCE_X200-20100120@;Transmission de données impossible; @5W%t#A02A-SCALANCE_X200-20100120@;
23496;Ayuda: Transferencia de datos imposible;;Help: Data transmission impossible; @5W%;Aide : transmission de données impossibl;
7176;No hay conexión física en el puerto;No physical connection on port;Pas de connexion physique au port;
23560;Se ha configurado la vigilancia del puer;Port monitoring was configured, there is;Une surveillance de port a été configuré;
7177;Error en "Soporte de transferencia/dúplex";Error with "Transfer medium/duplex";Erreur pour "Support de transmission/Duplex";
23561;"Soporte de transferencia / dúplex" se h;"Transfer medium / duplex" was configure;"Support de transmission / Duplex" a été;
7178;Error al comprobar los datos de línea;Error during cable data check;Erreur à la vérification des données de câble;
23562;Causas posibles:
 - La longitud de línea;Possible causes:
 - The discovered cable;Causes possibles :
 - La longueur de câb;
7240;Error en el partner; @5W%t#A02A-SCALANCE_X200-20100120@;Remote mismatch; @5W%t#A02A-SCALANCE_X200-20100120@;Erreur partenaire; @5W%t#A02A-SCALANCE_X200-20100120@;
23624;Ayuda: Error en el partner; @5W%t#A02A-S;Help: Remote mismatch; @5W%t#A02A-SCALAN;Aide : erreur partenaire; @5W%t#A02A-SCA;
7304;Partner incorrecto;Wrong partner;Partenaire incorrect;
23688;Se ha configurado una conexión de puerto;A port interconnection was configured bu;Une connexion de port a été configurée, ;
7305;Puerto partner erróneo;Wrong partner port;Port partenaire incorrect;
23689;Se ha configurado una conexión de puerto;A port interconnection was configured bu;Une connexion de port a été configurée, ;
7306;IRT (Top Performance) no es posible en este puerto;IRT (top performance) not possible at this port;IRT (Top Performance) impossible sur ce port;
23690;Causas posibles:
 - Otros errores de com;Possible causes:
 - Other communications;Causes possibles :
 - Autres erreurs de ;
7307;Incoherencia en "Soporte de transferencia / dúplex";Inconsistency in "transmission medium / duplex";Incohérence pour "Support de transmission / Duplex";
23691;Se ha configurado el "Medio de transmisi;"Transmission medium/duplex" was configu;"Support de transmission/Duplex" a été c;
7308;Incoherencia en la configuración MRP / cableado;Inconsistent MRP configuration / wiring;Incohérence de la configuration MRP / du câblage;
23692;Se ha configurado un dominio MRP, pero l;MRP domain was configured; the local set;Domaine MRP configuré ; la sélection loc;
7309;Imposible detectar el vecino;The neighbor could not be identified;Le voisin n'a pas pu être détecté;
23693;Se ha configurado una conexión de puerto;A port interconnection was configured bu;Une connexion de port a été configurée, ;
7310;Incoherencia en la configuración MRRT;Inconsistent MRRT configuration;Incohérence de la configuration MRRT;
23694;Se ha configurado la característica MRRT;The MRRT feature was configured; the loc;L'attribut MRRT  a été configuré; les op;
7311;Diferencia al determinar la longitud del cable;Difference in cable length measurement;Différence à la détermination de longueur de câble;
23695;Se ha configurado "Soporte de transferen;"Transmission medium / Duplex" was confi;"Support de transmission / Duplex" a été;
7320;El nombre del dominio Sync se utiliza repetidas veces;Sync domain name used more than once;Nom de domaine Sync utilisé plusieurs fois;
23704;En la subred Ethernet se han configurado;Two sync domains with the same name were;Deux domaines Sync de même nom ont été c;
7368;Error de redundancia de medios; @5W%t#A02A-SCALANCE_X200-20100120@;Media redundancy mismatch; @5W%t#A02A-SCALANCE_X200-20100120@;Erreur de redondance de supports de transmission; @5W%t#A02A-SCALANCE_X200-20100120@;
23752;Ayuda: Redundancia de medios; @5W%t#A02A;Help: Media redundancy mismatch; @5W%t#A;Aide : erreur de redondance de supports ;
7432;El manager de redundancia no puede asumir la función configurada.;Redundancy manager cannot adopt the configured role;Le gestionnaire de redondance ne peut pas assumer le rôle configuré.;
23816;Indica que el manager de redundancia asu;Indicates that the configured redundancy;Signifie que le gestionnaire de redondan;
7433;Anillo abierto;Ring opened;Anneau ouvert;
23817;Indica que el anillo se ha interrumpido ;Indicates that the ring has been interru;Indique que l'anneau est interrompu unil;
7434;Redundancia RT no garantizada;RT redundancy not effective;Redondance RT plus garantie;
23818;Indica que el anillo para la comunicació;Indicates that the ring is not closed fo;Indique que l'anneau n'est pas fermé pou;
7435;En el anillo se encuentran varios administradores de redundancia;There is more than one redundancy manager in the ring;Il existe plusieurs gestionnaires de redondance au sein de l'anneau;
23819;Indica que en el anillo se encuentran va;Indicates that more than one device in t;Indique que plusieurs appareils assument;
7496;Pérdida de sincronización; @5W%t#A02A-SCALANCE_X200-20100120@;Sync mismatch; @5W%t#A02A-SCALANCE_X200-20100120@;Perte de synchronisation; @5W%t#A02A-SCALANCE_X200-20100120@;
23880;Ayuda: Pérdida de sincronización; @5W%t#;Help: Sync mismatch; @5W%t#A02A-SCALANCE;Aide : perte de synchronisation; @5W%t#A;
7560;No se sincroniza el SyncSlave;Sync slave will not be synchronized;L'esclave Sync ne sera pas synchronisé;
23944;El equipo es un SyncSlave y no se sincro;The station is a sync slave and it is no;La station est un esclave Sync et n'est ;
7563;Equipo no síncrono;Station not synchronized;Station non synchrone;
23947;La sincronización está fuera del rango d;Synchronization is outside the range of ;La synchronisation se trouve hors de la ;
7624;Error de modo isócrono; @5W%t#A02A-SCALANCE_X200-20100120@;Isochronous mode mismatch; @5W%t#A02A-SCALANCE_X200-20100120@;Erreur de synchronisme d'horloge; @5W%t#A02A-SCALANCE_X200-20100120@;
24008;Ayuda: Error de modo isócrono; @5W%t#A02;Help: Isochronous mode mismatch; @5W%t#A;Aide : erreur de synchronisme d'horloge;;
7752;Error CR multicast; @5W%t#A02A-SCALANCE_X200-20100120@;Multicast CR mismatch; @5W%t#A02A-SCALANCE_X200-20100120@;Erreur Multicast CR; @5W%t#A02A-SCALANCE_X200-20100120@;
24136;Ayuda: Error CR multicast; @5W%t#A02A-SC;Help: Multicast CR mismatch; @5W%t#A02A-;Aide : Erreur CR Multicast; @5W%t#A02A-S;
7880;Reservado; @5W%t#A02A-SCALANCE_X200-20100120@;Reserved; @5W%t#A02A-SCALANCE_X200-20100120@;réservé; @5W%t#A02A-SCALANCE_X200-20100120@;
24264;Ayuda: Ayuda; @5W%t#A02A-SCALANCE_X200-2;Help: Reserved; @5W%t#A02A-SCALANCE_X200;Aide : réservée; @5W%t#A02A-SCALANCE_X20;
8008;Error fibra óptica; @5W%t#A02A-SCALANCE_X200-20100120@;Fiber optics mismatch; @5W%t#A02A-SCALANCE_X200-20100120@;Erreur fibre optique; @5W%t#A02A-SCALANCE_X200-20100120@;
24392;Ayuda: Error fibra óptica; @5W%t#A02A-SC;Help: Fiber optics mismatch; @5W%t#A02A-;Aide : erreur fibre optique; @5W%t#A02A-;
8072;Reserva de sistema de fibra óptica crítica;FO link power margin critical;Réserve système FO critique;
24456;La reserva de sistema FO se encuentra po;The FO link power margin is below the @2;La réserve système FO se trouve en -dess;
8136;Error de función del componente de red; @5W%t#A02A-SCALANCE_X200-20100120@;Network component function mismatch; @5W%t#A02A-SCALANCE_X200-20100120@;Erreur de fonctionnement du composant réseau; @5W%t#A02A-SCALANCE_X200-20100120@;
24520;Ayuda: Error de función del componente d;Help: Network component function mismatc;Aide : erreur de fonctionnement du compo;
8200;Debido a sobrecarga se han rechazado paquetes de datos;Data packets discarded due to overload;Paquets de données rejetés pour surcharge;
24584;Como mínimo @2D%1d@ paquetes de datos ha;At least @2D%1d@ data packets were disca;@2D%1d@ paquets de données au minimum on;
8264;Error de tiempo; @5W%t#A02A-SCALANCE_X200-20100120@;Time mismatch; @5W%t#A02A-SCALANCE_X200-20100120@;Erreur d'horloge; @5W%t#A02A-SCALANCE_X200-20100120@;
24648;Ayuda: Error de tiempo; @5W%t#A02A-SCALA;Help: Time mismatch; @5W%t#A02A-SCALANCE;Aide : erreur de temporisation; @5W%t#A0;
8840;Configuración incoherente/especificación del gateway predeterminado;Inconsistent configuration / specification of the standard gateway;Configuration incohérente/Spécification du routeur par défaut;
25224;Se ha configurado un gateway predetermin;A standard gateway has been configured f;Un autre routeur par défaut a été config;
8841;Configuración/especificación incoherente del nombre de dispositivo;Inconsistent configuration/specification of the NameOfStation;Configuration incohérente/Spécification du NameOfStation;
25225;Para otra interfaz de este módulo ya se ;A NameOfStation which is identical to th;Un NameOfStation a déjà été configuré /a;
8842;Configuración/especificación incoherente de la dirección IP;Inconsistent configuration/specification of the IP address;Configuration incohérente/Spécification de l'adresse IP;
25226;Para otra interfaz ya se ha configurado/;An IP address which is in the same subne;Une adresse IP a déjà été configurée/att;
9304;sin alimentación el. redundante;No redundant PS;Pas d'alimentation redondante;
25688;Alarma entrante, si no existe alimentaci;Alarm entering state when there is no re;Alarme arrivante en l'absence d'alimenta;
9306;No existe C-PLUG;C-PLUG not found;C-PLUG introuvable;
25690;Alarma entrante, si no se ha enchufado C;Alarm entering state when no C-PLUG was ;Alarme arrivante en l'absence de C-PLUG;
9308;C-PLUG defectuoso;C-PLUG defective;C-PLUG défectueux;
25692;Alarma entrante, si el C-PLUG está defec;Alarm entering state when C-PLUG is defe;Alarme arrivante lorsque le C-PLUG est d;
9310;erróneo C-PLUG;wrong C-PLUG;Le C-PLUG est incorrect;
25694;Alarma entrante si se ha enchufado errón;Incoming alarm when wrong C-PLUG is plug;Alarme apparaissante si aucun C-PLUG n'a;
10176;;;;
26560;;;;
10304;Cortocircuito;Short circuit;Court-circuit;
26688;Compruebe el estado de las líneas de con;Check the status of the connection lines;Contrôlez l'état des câbles de liaison.;
10432;Baja tensión;Low voltage;Sous-tension;
26816;Compruebe la fuente de alimentación.;Verify the power supply.;Contrôlez l'alimentation en tension.;
10560;Sobretensión;Overvoltage;Surtension;
26944;Compruebe la fuente de alimentación.;Verify the power supply.;Contrôlez l'alimentation en tension.;
10688;Sobrecarga;Overload;Surcharge;
27072;Compruebe los datos técnicos de los comp;Check the technical specifications of th;Contrôlez les caractéristiques technique;
10816;Sobretemperatura;Overtemperature;Surchauffe;
27200;Compruebe los datos técnicos de los comp;Check the technical specifications of th;Contrôlez les caractéristiques technique;
10944;Rotura de hilo;Wire break;Rupture de fil;
27328;Compruebe el estado de las líneas de con;Check the status of the connection lines;Contrôlez l'état des câbles de liaison.;
11072;Límite superior excedido;High limit exceeded;Limite supérieure dépassée;
27456;Compruebe los datos técnicos de los comp;Check the technical specifications of th;Contrôlez les caractéristiques technique;
11200;Límite inferior excedido;Low limit exceeded;Limite inférieure sous-dépassée;
27584;Compruebe los datos técnicos de los comp;Check the technical specifications of th;Contrôlez les caractéristiques technique;
11328;Fallo;Error;Erreur;
27712;;;;
11456;Simulación activa;Simulation active;Simulation active;
27840;;;;
11584;Reservado;Reserved;réservé;
27968;;;;
11712;Reservado;Reserved;réservé;
28096;;;;
11840;Reservado;Reserved;réservé;
28224;;;;
11968;Reservado;Reserved;réservé;
28352;;;;
12096;Falta el parámetro;Parameter missing;Paramètre manquant;
28480;;;;
12224;Error parametrización;Parameter assignment error;Erreur de paramétrage;
28608;Causa posible: módulo defectuoso o param;Possible Cause: Module either not at all;Cause possible : Le module n'est pas par;
12352;Falta el conector flontal o la alimentación del sensor o la tensión de carga.;Front connector missing, sensor or load voltage missing;Le connecteur frontal, la tension de capteur ou de charge manque.;
28736;Causa posible: falta tensión de alimenta;Possible cause: Supply voltage missing o;Cause possible : La tension d'alimentati;
12480;Fusible defectuoso.;Fuse defective;Fusible défectueux.;
28864;Causa posible: fallo del fusible repuest;Possible Cause: User's replaceable fuse ;Cause possible : Le fusible échangeable ;
12608;Fallo de comunicación;Communication error;Erreur de communication;
28992;Causa posible: interrupción de la comuni;Possible Cause: Communication to the mod;Cause possible : Communication au module;
12736;Error de masa;Ground error;Erreur de masse;
29120;Causa posible: se ha excedido el modo Co;Possible Cause: Exceeding the allowable ;Cause possible : Dépassement du Common M;
12864;Error canal referencia;Reference channel error;Erreur sur voie de référence;
29248;Causa posible error en el canal de refer;Possible Cause: Error on the reference c;Cause possible : Erreur sur voie de réfé;
12992;Pérdida alarma de proceso o error de aviso;Process interrupt lost or message error;Alarme de processus perdue ou erreur de message;
29376;Causa posible: error de marco, error de ;Possible Cause: Frame error, parity erro;Cause possible : Erreur de cadre, erreur;
13120;Advertencia;Warning;Avertissement;
29504;Causa posible: se han excedido los valor;Possible Cause: Exceeding the actuator l;Cause possible : Dépassement des seuils ;
13248;Desconexión;Shutoff;Arrêt;
29632;Causa posible: liberación del interrupto;Possible Cause: Trigger a line switch du;Cause possible : Déclenchement d'un disj;
13376;Desconexión de seguridad;Fail-safe shutoff;Arrêt de sécurité;
29760;Causa posible: liberación de desconexión;Possible Cause: Trigger for fail-safe sh;Cause possible : Présence d'un déclenche;
13504;Fallo externo;external error;Erreur externe;
29888;Causa posible: rotura de cable o cortoci;Possible Cause: Wire break or short circ;Cause possible : Rupture de fil ou court;
13632;Fallo indefinido;ambiguous error;Erreur indéfinie;
30016;Causa posible: proceso de aprendizaje en;Possible Cause: Teach-in process running;Cause possible : Une procédure d'apprent;
13760;Reservado;Reserved;réservé;
30144;;;;
13888;Fallo 1 en actuador / sensor;Fault 1 in actuator/sensor;Erreur 1 dans actionneur / capteur;
30272;;;;
14016;Fallo 2 en actuador / sensor;Fault 2 in actuator/sensor;Erreur 2 dans actionneur / capteur;
30400;;;;
14144;Canal no disponible temporalmente;Channel temporarily not available;Voie temporairement indisponible;
30528;Causa posible: calibración, actualizació;Possible cause: Calibration, firmware up;Cause possible : Calibrage, mise à jour ;
10320;Transferencia de datos imposible; @5W%t#ET200S-20110429@;Data transmission impossible; @5W%t#ET200S-20110429@;Transmission de données impossible; @5W%t#ET200S-20110429@;
26704;Ayuda: Transferencia de datos imposible;;Help: Data transmission impossible; @5W%;Aide : transmission de données impossibl;
10384;No hay conexión física en el puerto;No physical connection on port;Pas de connexion physique au port;
26768;Se ha configurado la vigilancia del puer;Port monitoring was configured, there is;Une surveillance de port a été configuré;
10385;Error en "Soporte de transferencia/dúplex";Error with "Transfer medium/duplex";Erreur pour "Support de transmission/Duplex";
26769;"Soporte de transferencia / dúplex" se h;"Transfer medium / duplex" was configure;"Support de transmission / Duplex" a été;
10386;Error al comprobar los datos de línea;Error during cable data check;Erreur à la vérification des données de câble;
26770;Causas posibles:
 - La longitud de línea;Possible causes:
 - The discovered cable;Causes possibles :
 - La longueur de câb;
10448;Error en el partner; @5W%t#ET200S-20110429@;Remote mismatch; @5W%t#ET200S-20110429@;Erreur partenaire; @5W%t#ET200S-20110429@;
26832;Ayuda: Error en el partner; @5W%t#ET200S;Help: Remote mismatch; @5W%t#ET200S-2011;Aide : erreur partenaire; @5W%t#ET200S-2;
10512;Partner incorrecto;Wrong partner;Partenaire incorrect;
26896;Se ha configurado una conexión de puerto;A port interconnection was configured bu;Une connexion de port a été configurée, ;
10513;Puerto partner erróneo;Wrong partner port;Port partenaire incorrect;
26897;Se ha configurado una conexión de puerto;A port interconnection was configured bu;Une connexion de port a été configurée, ;
10514;IRT (Top Performance) no es posible en este puerto;IRT (top performance) not possible at this port;IRT (Top Performance) impossible sur ce port;
26898;Causas posibles:
 - Otros errores de com;Possible causes:
 - Other communications;Causes possibles :
 - Autres erreurs de ;
10515;Incoherencia en "Soporte de transferencia / dúplex";Inconsistency in "transmission medium / duplex";Incohérence pour "Support de transmission / Duplex";
26899;Se ha configurado el "Medio de transmisi;"Transmission medium/duplex" was configu;"Support de transmission/Duplex" a été c;
10516;Incoherencia en la configuración MRP / cableado;Inconsistent MRP configuration / wiring;Incohérence de la configuration MRP / du câblage;
26900;Se ha configurado un dominio MRP, pero l;MRP domain was configured; the local set;Domaine MRP configuré ; la sélection loc;
10517;Imposible detectar el vecino;The neighbor could not be identified;Le voisin n'a pas pu être détecté;
26901;Se ha configurado una conexión de puerto;A port interconnection was configured bu;Une connexion de port a été configurée, ;
10518;Incoherencia en la configuración MRRT;Inconsistent MRRT configuration;Incohérence de la configuration MRRT;
26902;Se ha configurado la característica MRRT;The MRRT feature was configured; the loc;L'attribut MRRT  a été configuré; les op;
10519;Diferencia al determinar la longitud del cable;Difference in cable length measurement;Différence à la détermination de longueur de câble;
26903;Se ha configurado "Soporte de transferen;"Transmission medium / Duplex" was confi;"Support de transmission / Duplex" a été;
10528;El nombre del dominio Sync se utiliza repetidas veces;Sync domain name used more than once;Nom de domaine Sync utilisé plusieurs fois;
26912;En la subred Ethernet se han configurado;Two sync domains with the same name were;Deux domaines Sync de même nom ont été c;
10576;Error de redundancia de medios; @5W%t#ET200S-20110429@;Media redundancy mismatch; @5W%t#ET200S-20110429@;Erreur de redondance de supports de transmission; @5W%t#ET200S-20110429@;
26960;Ayuda: Redundancia de medios; @5W%t#ET20;Help: Media redundancy mismatch; @5W%t#E;Aide : erreur de redondance de supports ;
10640;El manager de redundancia no puede asumir la función configurada.;Redundancy manager cannot adopt the configured role;Le gestionnaire de redondance ne peut pas assumer le rôle configuré.;
27024;Indica que el manager de redundancia asu;Indicates that the configured redundancy;Signifie que le gestionnaire de redondan;
10641;Anillo abierto;Ring opened;Anneau ouvert;
27025;Indica que el anillo se ha interrumpido ;Indicates that the ring has been interru;Indique que l'anneau est interrompu unil;
10642;Redundancia RT no garantizada;RT redundancy not effective;Redondance RT plus garantie;
27026;Indica que el anillo para la comunicació;Indicates that the ring is not closed fo;Indique que l'anneau n'est pas fermé pou;
10643;En el anillo se encuentran varios administradores de redundancia;There is more than one redundancy manager in the ring;Il existe plusieurs gestionnaires de redondance au sein de l'anneau;
27027;Indica que en el anillo se encuentran va;Indicates that more than one device in t;Indique que plusieurs appareils assument;
10704;Pérdida de sincronización; @5W%t#ET200S-20110429@;Sync mismatch; @5W%t#ET200S-20110429@;Perte de synchronisation; @5W%t#ET200S-20110429@;
27088;Ayuda: Pérdida de sincronización; @5W%t#;Help: Sync mismatch; @5W%t#ET200S-201104;Aide : perte de synchronisation; @5W%t#E;
10768;No se sincroniza el SyncSlave;Sync slave will not be synchronized;L'esclave Sync ne sera pas synchronisé;
27152;El equipo es un SyncSlave y no se sincro;The station is a sync slave and it is no;La station est un esclave Sync et n'est ;
10771;Equipo no síncrono;Station not synchronized;Station non synchrone;
27155;La sincronización está fuera del rango d;Synchronization is outside the range of ;La synchronisation se trouve hors de la ;
10832;Error de modo isócrono; @5W%t#ET200S-20110429@;Isochronous mode mismatch; @5W%t#ET200S-20110429@;Erreur de synchronisme d'horloge; @5W%t#ET200S-20110429@;
27216;Ayuda: Error de modo isócrono; @5W%t#ET2;Help: Isochronous mode mismatch; @5W%t#E;Aide : erreur de synchronisme d'horloge;;
10960;Error CR multicast; @5W%t#ET200S-20110429@;Multicast CR mismatch; @5W%t#ET200S-20110429@;Erreur Multicast CR; @5W%t#ET200S-20110429@;
27344;Ayuda: Error CR multicast; @5W%t#ET200S-;Help: Multicast CR mismatch; @5W%t#ET200;Aide : Erreur CR Multicast; @5W%t#ET200S;
11088;Reservado; @5W%t#ET200S-20110429@;Reserved; @5W%t#ET200S-20110429@;réservé; @5W%t#ET200S-20110429@;
27472;Ayuda: Ayuda; @5W%t#ET200S-20110429@;Help: Reserved; @5W%t#ET200S-20110429@;Aide : réservée; @5W%t#ET200S-20110429@;
11216;Error fibra óptica; @5W%t#ET200S-20110429@;Fiber optics mismatch; @5W%t#ET200S-20110429@;Erreur fibre optique; @5W%t#ET200S-20110429@;
27600;Ayuda: Error fibra óptica; @5W%t#ET200S-;Help: Fiber optics mismatch; @5W%t#ET200;Aide : erreur fibre optique; @5W%t#ET200;
11280;Reserva de sistema de fibra óptica crítica;FO link power margin critical;Réserve système FO critique;
27664;La reserva de sistema FO se encuentra po;The FO link power margin is below the @2;La réserve système FO se trouve en -dess;
11344;Error de función del componente de red; @5W%t#ET200S-20110429@;Network component function mismatch; @5W%t#ET200S-20110429@;Erreur de fonctionnement du composant réseau; @5W%t#ET200S-20110429@;
27728;Ayuda: Error de función del componente d;Help: Network component function mismatc;Aide : erreur de fonctionnement du compo;
11408;Debido a sobrecarga se han rechazado paquetes de datos;Data packets discarded due to overload;Paquets de données rejetés pour surcharge;
27792;Como mínimo @2D%1d@ paquetes de datos ha;At least @2D%1d@ data packets were disca;@2D%1d@ paquets de données au minimum on;
11472;Error de tiempo; @5W%t#ET200S-20110429@;Time mismatch; @5W%t#ET200S-20110429@;Erreur d'horloge; @5W%t#ET200S-20110429@;
27856;Ayuda: Error de tiempo; @5W%t#ET200S-201;Help: Time mismatch; @5W%t#ET200S-201104;Aide : erreur de temporisation; @5W%t#ET;
12048;Configuración incoherente/especificación del gateway predeterminado;Inconsistent configuration / specification of the standard gateway;Configuration incohérente/Spécification du routeur par défaut;
28432;Se ha configurado un gateway predetermin;A standard gateway has been configured f;Un autre routeur par défaut a été config;
12049;Configuración/especificación incoherente del nombre de dispositivo;Inconsistent configuration/specification of the NameOfStation;Configuration incohérente/Spécification du NameOfStation;
28433;Para otra interfaz de este módulo ya se ;A NameOfStation which is identical to th;Un NameOfStation a déjà été configuré /a;
12050;Configuración/especificación incoherente de la dirección IP;Inconsistent configuration/specification of the IP address;Configuration incohérente/Spécification de l'adresse IP;
28434;Para otra interfaz ya se ha configurado/;An IP address which is in the same subne;Une adresse IP a déjà été configurée/att;
5216;;;;
21600;;;;
5344;Cortocircuito;Short circuit;Court-circuit;
21728;Compruebe el estado de las líneas de con;Check the status of the connection lines;Contrôlez l'état des câbles de liaison.;
5472;Baja tensión;Low voltage;Sous-tension;
21856;Compruebe la fuente de alimentación.;Verify the power supply.;Contrôlez l'alimentation en tension.;
5600;Sobretensión;Overvoltage;Surtension;
21984;Compruebe la fuente de alimentación.;Verify the power supply.;Contrôlez l'alimentation en tension.;
5728;Sobrecarga;Overload;Surcharge;
22112;Compruebe los datos técnicos de los comp;Check the technical specifications of th;Contrôlez les caractéristiques technique;
5856;Sobretemperatura;Overtemperature;Surchauffe;
22240;Compruebe los datos técnicos de los comp;Check the technical specifications of th;Contrôlez les caractéristiques technique;
5984;Rotura de hilo;Wire break;Rupture de fil;
22368;Compruebe el estado de las líneas de con;Check the status of the connection lines;Contrôlez l'état des câbles de liaison.;
6112;Límite superior excedido;High limit exceeded;Limite supérieure dépassée;
22496;Compruebe los datos técnicos de los comp;Check the technical specifications of th;Contrôlez les caractéristiques technique;
6240;Límite inferior excedido;Low limit exceeded;Limite inférieure sous-dépassée;
22624;Compruebe los datos técnicos de los comp;Check the technical specifications of th;Contrôlez les caractéristiques technique;
6368;Fallo;Error;Erreur;
22752;;;;
6496;Simulación activa;Simulation active;Simulation active;
22880;;;;
6624;Reservado;Reserved;réservé;
23008;;;;
6752;Reservado;Reserved;réservé;
23136;;;;
6880;Reservado;Reserved;réservé;
23264;;;;
7008;Reservado;Reserved;réservé;
23392;;;;
7136;Falta el parámetro;Parameter missing;Paramètre manquant;
23520;;;;
7264;Error parametrizacion;Parameter assignment error;Erreur de parametrage;
23648;;;;
7392;Falta tension sensor o carga;Sensor or load voltage missing;Absence tension de capteur ou charge;
23776;;;;
7520;Fusible defectuoso;Fuse defective;Fusible defectueux;
23904;;;;
7648;Error de comunicacion;Slot not addressable;Erreur de communication;
24032;;;;
7776;Error de masa;Ground error;Erreur de masse;
24160;;;;
7904;Error canal referencia;Reference channel error;Erreur voie de reference;
24288;;;;
8032;Alarma de proceso perdida;Process interrupt lost;Alarme processus perdue;
24416;;;;
8160;Advertencia;Warning;Attention;
24544;;;;
8288;Desconexión;Shutoff;Arrêt;
24672;;;;
8416;Desconexión de seguridad;Fail-safe shutoff;Arrêt de sécurité;
24800;;;;
8544;Error externo;external error;Defaut externe;
24928;;;;
8672;Error indefinido;ambiguous error;Defaut non specifie;
25056;;;;
8800;Reservado;Reserved;réservé;
25184;;;;
8928;Errore 1 nell´attuat./trasdutt.;Actuator/sensor fault 1;Défaut 1 de l'actionn./du capt.;
25312;;;;
9056;Fallo 2 en actuador / sensor;Fault 2 in actuator/sensor;Erreur 2 dans actionneur / capteur;
25440;;;;
9184;Channel temporary error;Channel temporary error;Channel temporary error;
25568;;;;
5360;Transferencia de datos imposible; @5W%t#et200pro-20110525@;Data transmission impossible; @5W%t#et200pro-20110525@;Transmission de données impossible; @5W%t#et200pro-20110525@;
21744;Ayuda: Transferencia de datos imposible;;Help: Data transmission impossible; @5W%;Aide : transmission de données impossibl;
5424;No hay conexión física en el puerto;No physical connection on port;Pas de connexion physique au port;
21808;Se ha configurado la vigilancia del puer;Port monitoring was configured, there is;Une surveillance de port a été configuré;
5425;Error en "Soporte de transferencia/dúplex";Error with "Transfer medium/duplex";Erreur pour "Support de transmission/Duplex";
21809;"Soporte de transferencia / dúplex" se h;"Transfer medium / duplex" was configure;"Support de transmission / Duplex" a été;
5426;Error al comprobar los datos de línea;Error during cable data check;Erreur à la vérification des données de câble;
21810;Causas posibles:
 - La longitud de línea;Possible causes:
 - The discovered cable;Causes possibles :
 - La longueur de câb;
5488;Error en el partner; @5W%t#et200pro-20110525@;Remote mismatch; @5W%t#et200pro-20110525@;Erreur partenaire; @5W%t#et200pro-20110525@;
21872;Ayuda: Error en el partner; @5W%t#et200p;Help: Remote mismatch; @5W%t#et200pro-20;Aide : erreur partenaire; @5W%t#et200pro;
5552;Partner incorrecto;Wrong partner;Partenaire incorrect;
21936;Se ha configurado una conexión de puerto;A port interconnection was configured bu;Une connexion de port a été configurée, ;
5553;Puerto partner erróneo;Wrong partner port;Port partenaire incorrect;
21937;Se ha configurado una conexión de puerto;A port interconnection was configured bu;Une connexion de port a été configurée, ;
5554;IRT (Top Performance) no es posible en este puerto;IRT (top performance) not possible at this port;IRT (Top Performance) impossible sur ce port;
21938;Causas posibles:
 - Otros errores de com;Possible causes:
 - Other communications;Causes possibles :
 - Autres erreurs de ;
5555;Incoherencia en "Soporte de transferencia / dúplex";Inconsistency in "transmission medium / duplex";Incohérence pour "Support de transmission / Duplex";
21939;Se ha configurado el "Medio de transmisi;"Transmission medium/duplex" was configu;"Support de transmission/Duplex" a été c;
5556;Incoherencia en la configuración MRP / cableado;Inconsistent MRP configuration / wiring;Incohérence de la configuration MRP / du câblage;
21940;Se ha configurado un dominio MRP, pero l;MRP domain was configured; the local set;Domaine MRP configuré ; la sélection loc;
5557;Imposible detectar el vecino;The neighbor could not be identified;Le voisin n'a pas pu être détecté;
21941;Se ha configurado una conexión de puerto;A port interconnection was configured bu;Une connexion de port a été configurée, ;
5558;Incoherencia en la configuración MRRT;Inconsistent MRRT configuration;Incohérence de la configuration MRRT;
21942;Se ha configurado la característica MRRT;The MRRT feature was configured; the loc;L'attribut MRRT  a été configuré; les op;
5559;Diferencia al determinar la longitud del cable;Difference in cable length measurement;Différence à la détermination de longueur de câble;
21943;Se ha configurado "Soporte de transferen;"Transmission medium / Duplex" was confi;"Support de transmission / Duplex" a été;
5568;El nombre del dominio Sync se utiliza repetidas veces;Sync domain name used more than once;Nom de domaine Sync utilisé plusieurs fois;
21952;En la subred Ethernet se han configurado;Two sync domains with the same name were;Deux domaines Sync de même nom ont été c;
5616;Error de redundancia de medios; @5W%t#et200pro-20110525@;Media redundancy mismatch; @5W%t#et200pro-20110525@;Erreur de redondance de supports de transmission; @5W%t#et200pro-20110525@;
22000;Ayuda: Redundancia de medios; @5W%t#et20;Help: Media redundancy mismatch; @5W%t#e;Aide : erreur de redondance de supports ;
5680;El manager de redundancia no puede asumir la función configurada.;Redundancy manager cannot adopt the configured role;Le gestionnaire de redondance ne peut pas assumer le rôle configuré.;
22064;Indica que el manager de redundancia asu;Indicates that the configured redundancy;Signifie que le gestionnaire de redondan;
5681;Anillo abierto;Ring opened;Anneau ouvert;
22065;Indica que el anillo se ha interrumpido ;Indicates that the ring has been interru;Indique que l'anneau est interrompu unil;
5682;Redundancia RT no garantizada;RT redundancy not effective;Redondance RT plus garantie;
22066;Indica que el anillo para la comunicació;Indicates that the ring is not closed fo;Indique que l'anneau n'est pas fermé pou;
5683;En el anillo se encuentran varios administradores de redundancia;There is more than one redundancy manager in the ring;Il existe plusieurs gestionnaires de redondance au sein de l'anneau;
22067;Indica que en el anillo se encuentran va;Indicates that more than one device in t;Indique que plusieurs appareils assument;
5744;Pérdida de sincronización; @5W%t#et200pro-20110525@;Sync mismatch; @5W%t#et200pro-20110525@;Perte de synchronisation; @5W%t#et200pro-20110525@;
22128;Ayuda: Pérdida de sincronización; @5W%t#;Help: Sync mismatch; @5W%t#et200pro-2011;Aide : perte de synchronisation; @5W%t#e;
5808;No se sincroniza el SyncSlave;Sync slave will not be synchronized;L'esclave Sync ne sera pas synchronisé;
22192;El equipo es un SyncSlave y no se sincro;The station is a sync slave and it is no;La station est un esclave Sync et n'est ;
5811;Equipo no síncrono;Station not synchronized;Station non synchrone;
22195;La sincronización está fuera del rango d;Synchronization is outside the range of ;La synchronisation se trouve hors de la ;
5872;Error de modo isócrono; @5W%t#et200pro-20110525@;Isochronous mode mismatch; @5W%t#et200pro-20110525@;Erreur de synchronisme d'horloge; @5W%t#et200pro-20110525@;
22256;Ayuda: Error de modo isócrono; @5W%t#et2;Help: Isochronous mode mismatch; @5W%t#e;Aide : erreur de synchronisme d'horloge;;
6000;Error CR multicast; @5W%t#et200pro-20110525@;Multicast CR mismatch; @5W%t#et200pro-20110525@;Erreur Multicast CR; @5W%t#et200pro-20110525@;
22384;Ayuda: Error CR multicast; @5W%t#et200pr;Help: Multicast CR mismatch; @5W%t#et200;Aide : Erreur CR Multicast; @5W%t#et200p;
6128;Reservado; @5W%t#et200pro-20110525@;Reserved; @5W%t#et200pro-20110525@;réservé; @5W%t#et200pro-20110525@;
22512;Ayuda: Ayuda; @5W%t#et200pro-20110525@;Help: Reserved; @5W%t#et200pro-20110525@;Aide : réservée; @5W%t#et200pro-20110525;
6256;Error fibra óptica; @5W%t#et200pro-20110525@;Fiber optics mismatch; @5W%t#et200pro-20110525@;Erreur fibre optique; @5W%t#et200pro-20110525@;
22640;Ayuda: Error fibra óptica; @5W%t#et200pr;Help: Fiber optics mismatch; @5W%t#et200;Aide : erreur fibre optique; @5W%t#et200;
6320;Reserva de sistema de fibra óptica crítica;FO link power margin critical;Réserve système FO critique;
22704;La reserva de sistema FO se encuentra po;The FO link power margin is below the @2;La réserve système FO se trouve en -dess;
6384;Error de función del componente de red; @5W%t#et200pro-20110525@;Network component function mismatch; @5W%t#et200pro-20110525@;Erreur de fonctionnement du composant réseau; @5W%t#et200pro-20110525@;
22768;Ayuda: Error de función del componente d;Help: Network component function mismatc;Aide : erreur de fonctionnement du compo;
6448;Debido a sobrecarga se han rechazado paquetes de datos;Data packets discarded due to overload;Paquets de données rejetés pour surcharge;
22832;Como mínimo @2D%1d@ paquetes de datos ha;At least @2D%1d@ data packets were disca;@2D%1d@ paquets de données au minimum on;
6512;Error de tiempo; @5W%t#et200pro-20110525@;Time mismatch; @5W%t#et200pro-20110525@;Erreur d'horloge; @5W%t#et200pro-20110525@;
22896;Ayuda: Error de tiempo; @5W%t#et200pro-2;Help: Time mismatch; @5W%t#et200pro-2011;Aide : erreur de temporisation; @5W%t#et;
7088;Configuración incoherente/especificación del gateway predeterminado;Inconsistent configuration / specification of the standard gateway;Configuration incohérente/Spécification du routeur par défaut;
23472;Se ha configurado un gateway predetermin;A standard gateway has been configured f;Un autre routeur par défaut a été config;
7089;Configuración/especificación incoherente del nombre de dispositivo;Inconsistent configuration/specification of the NameOfStation;Configuration incohérente/Spécification du NameOfStation;
23473;Para otra interfaz de este módulo ya se ;A NameOfStation which is identical to th;Un NameOfStation a déjà été configuré /a;
7090;Configuración/especificación incoherente de la dirección IP;Inconsistent configuration/specification of the IP address;Configuration incohérente/Spécification de l'adresse IP;
23474;Para otra interfaz ya se ha configurado/;An IP address which is in the same subne;Une adresse IP a déjà été configurée/att;
9624;;;;
26008;;;;
9752;Cortocircuito;Short circuit;Court-circuit;
26136;Compruebe el estado de las líneas de con;Check the status of the connection lines;Contrôlez l'état des câbles de liaison.;
9880;Baja tensión;Low voltage;Sous-tension;
26264;Compruebe la fuente de alimentación.;Verify the power supply.;Contrôlez l'alimentation en tension.;
10008;Sobretensión;Overvoltage;Surtension;
26392;Compruebe la fuente de alimentación.;Verify the power supply.;Contrôlez l'alimentation en tension.;
10136;Sobrecarga;Overload;Surcharge;
26520;Compruebe los datos técnicos de los comp;Check the technical specifications of th;Contrôlez les caractéristiques technique;
10264;Sobretemperatura;Overtemperature;Surchauffe;
26648;Compruebe los datos técnicos de los comp;Check the technical specifications of th;Contrôlez les caractéristiques technique;
10392;Rotura de hilo;Wire break;Rupture de fil;
26776;Compruebe el estado de las líneas de con;Check the status of the connection lines;Contrôlez l'état des câbles de liaison.;
10520;Límite superior excedido;High limit exceeded;Limite supérieure dépassée;
26904;Compruebe los datos técnicos de los comp;Check the technical specifications of th;Contrôlez les caractéristiques technique;
10648;Límite inferior excedido;Low limit exceeded;Limite inférieure sous-dépassée;
27032;Compruebe los datos técnicos de los comp;Check the technical specifications of th;Contrôlez les caractéristiques technique;
10776;Fallo;Error;Erreur;
27160;;;;
10904;Simulación activa;Simulation active;Simulation active;
27288;;;;
11032;Reservado;Reserved;réservé;
27416;;;;
11160;Reservado;Reserved;réservé;
27544;;;;
11288;Reservado;Reserved;réservé;
27672;;;;
11416;Reservado;Reserved;réservé;
27800;;;;
11544;Falta el parámetro;Parameter missing;Paramètre manquant;
27928;;;;
11672;Error de parametrización;Parameter assignment error;Erreur de paramétrage;
28056;Causa: Parámetros de módulo incorrectos.;Cause: Bad module parameter. Remedy: Che;Cause : paramètres de module incorrects.;
11800;Falta tensión de sensores o de carga;Power supply fault;Absence de tension capteur ou de charge;
28184;Causa: Falta tensión de carga. Solución:;Cause: No power supply. Remedy: Check wi;Cause : absence de tension d'alimentatio;
11928;Fusible defectuoso;Fuse blown / open;Fusible defectueux;
28312;Causa: Sobrecarga. Solución: Eliminar la;Cause: Overload. Remedy: Remove cause of;Cause : surcharge. Solution : supprimez ;
12056;El slot no responde;Slot cannot be addressed;Emplacement non accessible;
28440;Causa: Error de comunicación de diferent;Cause: Communication error with various ;Cause : erreur de communication à cause ;
12184;Defecto a masa;Ground fault;Défaut à la masse;
28568;Causa: Tensión en modo común rebasada o ;Cause: Common mode voltage exceeded or M;Cause : dépassement de la tension mode c;
12312;Error del canal de referencia;Reference point list;Erreur de voie de référence;
28696;Causa: Error en el canal de referencia. ;Cause: Error on reference channel. Remed;Cause : erreur de voie de référence. Sol;
12440;Alarma de proceso perdida;Process event lost / sampling error;Alarme de processus perdue;
28824;Causa: Alarma de proceso. Solución: Camb;Cause: Hardware interrupt. Remedy: Chang;Cause : alarme de processus. Solution : ;
12568;Advertencia de actuador;Threshold warning;Avertissement actionneur;
28952;Causa: El actuador notifica el rebase de;Cause: Actuator signaling a limit value ;Cause : actionneur signale un dépassemen;
12696;Desconexión de actuador;Output disabled;Coupure actionneur;
29080;Causa: Se ha detectado un problema con e;Cause: Problem detected on actuator. Rem;Cause : problème d'actionneur détecté. S;
12824;Desconexión orientada a seguridad;Safety event;Arrêt de sécurité;
29208;Causa: Se ha detectado un fallo en el ca;Cause: Error detected on channel. Remedy;Cause : erreur de voie détectée. Solutio;
12952;Error externo;External fault;Défaut externe;
29336;Causa: Se ha detectado un fallo en el se;Cause: Problem detected on sensor/actuat;Cause : Erreur de capteur/actionneur dét;
13080;Error no definido;Unidentified error;Défaut non spécifié;
29464;Causa: No se puede especificar con detal;Cause: Cannot be specified in greater de;Cause : ne peut être spécifiée. Solution;
13208;Reservado;Reserved;réservé;
29592;;;;
13336;Fallo 1 en actuador / sensor;Fault 1 in actuator/sensor;Erreur 1 dans actionneur / capteur;
29720;;;;
13464;Fallo 2 en actuador / sensor;Fault 2 in actuator/sensor;Erreur 2 dans actionneur / capteur;
29848;;;;
13592;Fallo temporal;Temporary error;Erreur temporaire;
29976;;;;
1504;Mismatch of safety destination address (F_Dest_Add);Mismatch of safety destination address (F_Dest_Add);Mismatch of safety destination address (F_Dest_Add);
17888;Help;Help;Help;
2528;Device specific diagnosis information, see manual;Device specific diagnosis information, see manual;Device specific diagnosis information, see manual;
18912;Help;Help;Help;
9768;Transferencia de datos imposible; @5W%t#ML-V2.31-Festo-CPX-20140701@;Data transmission impossible; @5W%t#ML-V2.31-Festo-CPX-20140701@;Transmission de données impossible; @5W%t#ML-V2.31-Festo-CPX-20140701@;
26152;Ayuda: Transferencia de datos imposible;;Help: Data transmission impossible; @5W%;Aide : transmission de données impossibl;
9832;No hay conexión física en el puerto;No physical connection on port;Pas de connexion physique au port;
26216;Se ha configurado la vigilancia del puer;Port monitoring was configured, there is;Une surveillance de port a été configuré;
9833;Error en "Soporte de transferencia/dúplex";Error with "Transfer medium/duplex";Erreur pour "Support de transmission/Duplex";
26217;"Soporte de transferencia / dúplex" se h;"Transfer medium / duplex" was configure;"Support de transmission / Duplex" a été;
9834;Error al comprobar los datos de línea;Error during cable data check;Erreur à la vérification des données de câble;
26218;Causas posibles:
 - La longitud de línea;Possible causes:
 - The discovered cable;Causes possibles :
 - La longueur de câb;
9896;Error en el partner; @5W%t#ML-V2.31-Festo-CPX-20140701@;Remote mismatch; @5W%t#ML-V2.31-Festo-CPX-20140701@;Erreur partenaire; @5W%t#ML-V2.31-Festo-CPX-20140701@;
26280;Ayuda: Error en el partner; @5W%t#ML-V2.;Help: Remote mismatch; @5W%t#ML-V2.31-Fe;Aide : erreur partenaire; @5W%t#ML-V2.31;
9960;Partner incorrecto;Wrong partner;Partenaire incorrect;
26344;Se ha configurado una conexión de puerto;A port interconnection was configured bu;Une connexion de port a été configurée, ;
9961;Puerto partner erróneo;Wrong partner port;Port partenaire incorrect;
26345;Se ha configurado una conexión de puerto;A port interconnection was configured bu;Une connexion de port a été configurée, ;
9962;IRT (Top Performance) no es posible en este puerto;IRT (top performance) not possible at this port;IRT (Top Performance) impossible sur ce port;
26346;Causas posibles:
 - Otros errores de com;Possible causes:
 - Other communications;Causes possibles :
 - Autres erreurs de ;
9963;Incoherencia en "Soporte de transferencia / dúplex";Inconsistency in "transmission medium / duplex";Incohérence pour "Support de transmission / Duplex";
26347;Se ha configurado el "Medio de transmisi;"Transmission medium/duplex" was configu;"Support de transmission/Duplex" a été c;
9964;Incoherencia en la configuración MRP / cableado;Inconsistent MRP configuration / wiring;Incohérence de la configuration MRP / du câblage;
26348;Se ha configurado un dominio MRP, pero l;MRP domain was configured; the local set;Domaine MRP configuré ; la sélection loc;
9965;Imposible detectar el vecino;The neighbor could not be identified;Le voisin n'a pas pu être détecté;
26349;Se ha configurado una conexión de puerto;A port interconnection was configured bu;Une connexion de port a été configurée, ;
9966;Incoherencia en la configuración MRRT;Inconsistent MRRT configuration;Incohérence de la configuration MRRT;
26350;Se ha configurado la característica MRRT;The MRRT feature was configured; the loc;L'attribut MRRT  a été configuré; les op;
9967;Diferencia al determinar la longitud del cable;Difference in cable length measurement;Différence à la détermination de longueur de câble;
26351;Se ha configurado "Soporte de transferen;"Transmission medium / Duplex" was confi;"Support de transmission / Duplex" a été;
9976;El nombre del dominio Sync se utiliza repetidas veces;Sync domain name used more than once;Nom de domaine Sync utilisé plusieurs fois;
26360;En la subred Ethernet se han configurado;Two sync domains with the same name were;Deux domaines Sync de même nom ont été c;
10024;Error de redundancia de medios; @5W%t#ML-V2.31-Festo-CPX-20140701@;Media redundancy mismatch; @5W%t#ML-V2.31-Festo-CPX-20140701@;Erreur de redondance de supports de transmission; @5W%t#ML-V2.31-Festo-CPX-20140701@;
26408;Ayuda: Redundancia de medios; @5W%t#ML-V;Help: Media redundancy mismatch; @5W%t#M;Aide : erreur de redondance de supports ;
10088;El manager de redundancia no puede asumir la función configurada.;Redundancy manager cannot adopt the configured role;Le gestionnaire de redondance ne peut pas assumer le rôle configuré.;
26472;Indica que el manager de redundancia asu;Indicates that the configured redundancy;Signifie que le gestionnaire de redondan;
10089;Anillo abierto;Ring opened;Anneau ouvert;
26473;Indica que el anillo se ha interrumpido ;Indicates that the ring has been interru;Indique que l'anneau est interrompu unil;
10090;Redundancia RT no garantizada;RT redundancy not effective;Redondance RT plus garantie;
26474;Indica que el anillo para la comunicació;Indicates that the ring is not closed fo;Indique que l'anneau n'est pas fermé pou;
10091;En el anillo se encuentran varios administradores de redundancia;There is more than one redundancy manager in the ring;Il existe plusieurs gestionnaires de redondance au sein de l'anneau;
26475;Indica que en el anillo se encuentran va;Indicates that more than one device in t;Indique que plusieurs appareils assument;
10152;Pérdida de sincronización; @5W%t#ML-V2.31-Festo-CPX-20140701@;Sync mismatch; @5W%t#ML-V2.31-Festo-CPX-20140701@;Perte de synchronisation; @5W%t#ML-V2.31-Festo-CPX-20140701@;
26536;Ayuda: Pérdida de sincronización; @5W%t#;Help: Sync mismatch; @5W%t#ML-V2.31-Fest;Aide : perte de synchronisation; @5W%t#M;
10216;No se sincroniza el SyncSlave;Sync slave will not be synchronized;L'esclave Sync ne sera pas synchronisé;
26600;El equipo es un SyncSlave y no se sincro;The station is a sync slave and it is no;La station est un esclave Sync et n'est ;
10219;Equipo no síncrono;Station not synchronized;Station non synchrone;
26603;La sincronización está fuera del rango d;Synchronization is outside the range of ;La synchronisation se trouve hors de la ;
10280;Error de modo isócrono; @5W%t#ML-V2.31-Festo-CPX-20140701@;Isochronous mode mismatch; @5W%t#ML-V2.31-Festo-CPX-20140701@;Erreur de synchronisme d'horloge; @5W%t#ML-V2.31-Festo-CPX-20140701@;
26664;Ayuda: Error de modo isócrono; @5W%t#ML-;Help: Isochronous mode mismatch; @5W%t#M;Aide : erreur de synchronisme d'horloge;;
10408;Error CR multicast; @5W%t#ML-V2.31-Festo-CPX-20140701@;Multicast CR mismatch; @5W%t#ML-V2.31-Festo-CPX-20140701@;Erreur Multicast CR; @5W%t#ML-V2.31-Festo-CPX-20140701@;
26792;Ayuda: Error CR multicast; @5W%t#ML-V2.3;Help: Multicast CR mismatch; @5W%t#ML-V2;Aide : Erreur CR Multicast; @5W%t#ML-V2.;
10536;Reservado; @5W%t#ML-V2.31-Festo-CPX-20140701@;Reserved; @5W%t#ML-V2.31-Festo-CPX-20140701@;réservé; @5W%t#ML-V2.31-Festo-CPX-20140701@;
26920;Ayuda: Ayuda; @5W%t#ML-V2.31-Festo-CPX-2;Help: Reserved; @5W%t#ML-V2.31-Festo-CPX;Aide : réservée; @5W%t#ML-V2.31-Festo-CP;
10664;Error fibra óptica; @5W%t#ML-V2.31-Festo-CPX-20140701@;Fiber optics mismatch; @5W%t#ML-V2.31-Festo-CPX-20140701@;Erreur fibre optique; @5W%t#ML-V2.31-Festo-CPX-20140701@;
27048;Ayuda: Error fibra óptica; @5W%t#ML-V2.3;Help: Fiber optics mismatch; @5W%t#ML-V2;Aide : erreur fibre optique; @5W%t#ML-V2;
10728;Reserva de sistema de fibra óptica crítica;FO link power margin critical;Réserve système FO critique;
27112;La reserva de sistema FO se encuentra po;The FO link power margin is below the @2;La réserve système FO se trouve en -dess;
10792;Error de función del componente de red; @5W%t#ML-V2.31-Festo-CPX-20140701@;Network component function mismatch; @5W%t#ML-V2.31-Festo-CPX-20140701@;Erreur de fonctionnement du composant réseau; @5W%t#ML-V2.31-Festo-CPX-20140701@;
27176;Ayuda: Error de función del componente d;Help: Network component function mismatc;Aide : erreur de fonctionnement du compo;
10856;Debido a sobrecarga se han rechazado paquetes de datos;Data packets discarded due to overload;Paquets de données rejetés pour surcharge;
27240;Como mínimo @2D%1d@ paquetes de datos ha;At least @2D%1d@ data packets were disca;@2D%1d@ paquets de données au minimum on;
10920;Error de tiempo; @5W%t#ML-V2.31-Festo-CPX-20140701@;Time mismatch; @5W%t#ML-V2.31-Festo-CPX-20140701@;Erreur d'horloge; @5W%t#ML-V2.31-Festo-CPX-20140701@;
27304;Ayuda: Error de tiempo; @5W%t#ML-V2.31-F;Help: Time mismatch; @5W%t#ML-V2.31-Fest;Aide : erreur de temporisation; @5W%t#ML;
11496;Configuración incoherente/especificación del gateway predeterminado;Inconsistent configuration / specification of the standard gateway;Configuration incohérente/Spécification du routeur par défaut;
27880;Se ha configurado un gateway predetermin;A standard gateway has been configured f;Un autre routeur par défaut a été config;
11497;Configuración/especificación incoherente del nombre de dispositivo;Inconsistent configuration/specification of the NameOfStation;Configuration incohérente/Spécification du NameOfStation;
27881;Para otra interfaz de este módulo ya se ;A NameOfStation which is identical to th;Un NameOfStation a déjà été configuré /a;
11498;Configuración/especificación incoherente de la dirección IP;Inconsistent configuration/specification of the IP address;Configuration incohérente/Spécification de l'adresse IP;
27882;Para otra interfaz ya se ha configurado/;An IP address which is in the same subne;Une adresse IP a déjà été configurée/att;
13912;No error;No error;No error;
30296;Help;Help;Help;
13914;General diagnosis;General diagnosis;General diagnosis;
30298;Help;Help;Help;
13916;Short circuit;Short circuit;Short circuit;
30300;Help;Help;Help;
13918;Wire fracture/idling current I/O;Wire fracture/idling current I/O;Wire fracture/idling current I/O;
30302;Help;Help;Help;
13928;Short circuit in actuator supply;Short circuit in actuator supply;Short circuit in actuator supply;
30312;Help;Help;Help;
13930;Undervoltage in power supply;Undervoltage in power supply;Undervoltage in power supply;
30314;Help;Help;Help;
13932;Unknown CBUS error (6);Unknown CBUS error (6);Unknown CBUS error (6);
30316;Help;Help;Help;
13934;Unknown CBUS error (7);Unknown CBUS error (7);Unknown CBUS error (7);
30318;Help;Help;Help;
13944;Unknown CBUS error (8);Unknown CBUS error (8);Unknown CBUS error (8);
30328;Help;Help;Help;
13946;Lower limit exceeded;Lower limit exceeded;Lower limit exceeded;
30330;Help;Help;Help;
13948;Upper limit exceeded;Upper limit exceeded;Upper limit exceeded;
30332;Help;Help;Help;
13950;Short circuit valve;Short circuit valve;Short circuit valve;
30334;Help;Help;Help;
13960;Pilot valve function warning;Pilot valve function warning;Pilot valve function warning;
30344;Help;Help;Help;
13962;Wire fracture (open load);Wire fracture (open load);Wire fracture (open load);
30346;Help;Help;Help;
13964;Condition counter exceeded;Condition counter exceeded;Condition counter exceeded;
30348;Help;Help;Help;
13966;Module/channel failure;Module/channel failure;Module/channel failure;
30350;Help;Help;Help;
13976;Module code incorrect;Module code incorrect;Module code incorrect;
30360;Help;Help;Help;
13978;I/O length incorrect;I/O length incorrect;I/O length incorrect;
30362;Help;Help;Help;
13980;Address range exceeded;Address range exceeded;Address range exceeded;
30364;Help;Help;Help;
13982;Life cycle exceeded;Life cycle exceeded;Life cycle exceeded;
30366;Help;Help;Help;
13992;Fault in parametrizing signal range;Fault in parametrizing signal range;Fault in parametrizing signal range;
30376;Help;Help;Help;
13994;Fault in parametrizing data format;Fault in parametrizing data format;Fault in parametrizing data format;
30378;Help;Help;Help;
13996;Fault in parametrizing linear scaling;Fault in parametrizing linear scaling;Fault in parametrizing linear scaling;
30380;Help;Help;Help;
13998;Fault in filter meas.value;Fault in filter meas.value;Fault in filter meas.value;
30382;Help;Help;Help;
14008;Fault in parametrizing lower limit;Fault in parametrizing lower limit;Fault in parametrizing lower limit;
30392;Help;Help;Help;
14010;Fault in parametrizing upper limit;Fault in parametrizing upper limit;Fault in parametrizing upper limit;
30394;Help;Help;Help;
14012;Fault in actuator supply;Fault in actuator supply;Fault in actuator supply;
30396;Help;Help;Help;
14014;Wrong device type mounted;Wrong device type mounted;Wrong device type mounted;
30398;Help;Help;Help;
14024;Alarm value reached;Alarm value reached;Alarm value reached;
30408;Help;Help;Help;
14026;Fault in parametrizing;Fault in parametrizing;Fault in parametrizing;
30410;Help;Help;Help;
14028;No new output data (slave);No new output data (slave);No new output data (slave);
30412;Help;Help;Help;
14030;No bus connection (slave);No bus connection (slave);No bus connection (slave);
30414;Help;Help;Help;
14040;No STI read access (slave);No STI read access (slave);No STI read access (slave);
30424;Help;Help;Help;
14042;No parameter access (slave);No parameter access (slave);No parameter access (slave);
30426;Help;Help;Help;
14044;CP module lost / fault;CP module lost / fault;CP module lost / fault;
30428;Help;Help;Help;
14046;CP configuration failure;CP configuration failure;CP configuration failure;
30430;Help;Help;Help;
14056;Short circuit CP-line;Short circuit CP-line;Short circuit CP-line;
30440;Help;Help;Help;
14058;Fault in controlling;Fault in controlling;Fault in controlling;
30442;Help;Help;Help;
14060;Missing valve;Missing valve;Missing valve;
30444;Help;Help;Help;
14062;Maintanance required;Maintanance required;Maintanance required;
30446;Help;Help;Help;
14072;Life Guard;Life Guard;Life Guard;
30456;Help;Help;Help;
14074;Heart Beat;Heart Beat;Heart Beat;
30458;Help;Help;Help;
14076;Com Cycle Period (Sync);Com Cycle Period (Sync);Com Cycle Period (Sync);
30460;Help;Help;Help;
14078;CAN Overrun (Objects lost);CAN Overrun (Objects lost);CAN Overrun (Objects lost);
30462;Help;Help;Help;
14088;Invalid PDO received;Invalid PDO received;Invalid PDO received;
30472;Help;Help;Help;
14090;CAN WarnLimit reached;CAN WarnLimit reached;CAN WarnLimit reached;
30474;Help;Help;Help;
14092;CAN recovered from BusOff;CAN recovered from BusOff;CAN recovered from BusOff;
30476;Help;Help;Help;
14094;Bus Power lost;Bus Power lost;Bus Power lost;
30478;Help;Help;Help;
14104;Fault in Calibration;Fault in Calibration;Fault in Calibration;
30488;Help;Help;Help;
14106;Lower drop out signal;Lower drop out signal;Lower drop out signal;
30490;Help;Help;Help;
14108;Upper drop out signal;Upper drop out signal;Upper drop out signal;
30492;Help;Help;Help;
14110;Sensor limit exceeded;Sensor limit exceeded;Sensor limit exceeded;
30494;Help;Help;Help;
14120;Short circuit cold junction comp.;Short circuit cold junction comp.;Short circuit cold junction comp.;
30504;Help;Help;Help;
14122;Open load cold junction comp.;Open load cold junction comp.;Open load cold junction comp.;
30506;Help;Help;Help;
14124;Calibration data incorrect;Calibration data incorrect;Calibration data incorrect;
30508;Help;Help;Help;
14126;Invalid process value;Invalid process value;Invalid process value;
30510;Help;Help;Help;
14136;Short circuit I-Port;Short circuit I-Port;Short circuit I-Port;
30520;Help;Help;Help;
14138;Device missing / failure;Device missing / failure;Device missing / failure;
30522;Help;Help;Help;
14140;I-Port configuration error;I-Port configuration error;I-Port configuration error;
30524;Help;Help;Help;
14142;Input overload;Input overload;Input overload;
30526;Help;Help;Help;
14152;Signal underflow/overflow;Signal underflow/overflow;Signal underflow/overflow;
30536;Help;Help;Help;
14154;Overvoltage in power supply;Overvoltage in power supply;Overvoltage in power supply;
30538;Help;Help;Help;
14156;Overflow in time measurement;Overflow in time measurement;Overflow in time measurement;
30540;Help;Help;Help;
14158;Object failure;Object failure;Object failure;
30542;Help;Help;Help;
14168;Number of Modules incorrect;Number of Modules incorrect;Number of Modules incorrect;
30552;Help;Help;Help;
14170;Mismatch of safety destination address (F_Dest_Add);Mismatch of safety destination address (F_Dest_Add);Mismatch of safety destination address (F_Dest_Add);
30554;Help;Help;Help;
14172;F-Communication fault;F-Communication fault;F-Communication fault;
30556;Help;Help;Help;
14174;F-Communication timeout;F-Communication timeout;F-Communication timeout;
30558;Help;Help;Help;
14184;Leakage current;Leakage current;Leakage current;
30568;Help;Help;Help;
14186;F-Parameter fault;F-Parameter fault;F-Parameter fault;
30570;Help;Help;Help;
14188;CC-L: Station equip.status incorrect;CC-L: Station equip.status incorrect;CC-L: Station equip.status incorrect;
30572;Help;Help;Help;
14190;CC-L: Bus connection lost;CC-L: Bus connection lost;CC-L: Bus connection lost;
30574;Help;Help;Help;
14200;SSI-parity error;SSI-parity error;SSI-parity error;
30584;Help;Help;Help;
14202;limit monitoring;limit monitoring;limit monitoring;
30586;Help;Help;Help;
14204;limit exceeded in measure duty cycle;limit exceeded in measure duty cycle;limit exceeded in measure duty cycle;
30588;Help;Help;Help;
14206;Over temperature;Over temperature;Over temperature;
30590;Help;Help;Help;
14216;Error without errortext (76);Error without errortext (76);Error without errortext (76);
30600;Help;Help;Help;
14218;Error without errortext (77);Error without errortext (77);Error without errortext (77);
30602;Help;Help;Help;
14220;Value out of range;Value out of range;Value out of range;
30604;Help;Help;Help;
14222;Error without errortext (79);Error without errortext (79);Error without errortext (79);
30606;Help;Help;Help;
14232;Function failure;Function failure;Function failure;
30616;Help;Help;Help;
14234;Error without errortext (81);Error without errortext (81);Error without errortext (81);
30618;Help;Help;Help;
14236;Error without errortext (82);Error without errortext (82);Error without errortext (82);
30620;Help;Help;Help;
14238;Error without errortext (83);Error without errortext (83);Error without errortext (83);
30622;Help;Help;Help;
14248;Error without errortext (84);Error without errortext (84);Error without errortext (84);
30632;Help;Help;Help;
14250;Error without errortext (85);Error without errortext (85);Error without errortext (85);
30634;Help;Help;Help;
14252;Error without errortext (86);Error without errortext (86);Error without errortext (86);
30636;Help;Help;Help;
14254;Error without errortext (87);Error without errortext (87);Error without errortext (87);
30638;Help;Help;Help;
14264;Short circuit port;Short circuit port;Short circuit port;
30648;Help;Help;Help;
14266;Port configuration error;Port configuration error;Port configuration error;
30650;Help;Help;Help;
14268;Error without errortext (90);Error without errortext (90);Error without errortext (90);
30652;Help;Help;Help;
14270;Error without errortext (91);Error without errortext (91);Error without errortext (91);
30654;Help;Help;Help;
14280;Error without errortext (92);Error without errortext (92);Error without errortext (92);
30664;Help;Help;Help;
14282;Error without errortext (93);Error without errortext (93);Error without errortext (93);
30666;Help;Help;Help;
14284;Error without errortext (94);Error without errortext (94);Error without errortext (94);
30668;Help;Help;Help;
14286;Error without errortext (95);Error without errortext (95);Error without errortext (95);
30670;Help;Help;Help;
14296;Error without errortext (96);Error without errortext (96);Error without errortext (96);
30680;Help;Help;Help;
14298;Error without errortext (97);Error without errortext (97);Error without errortext (97);
30682;Help;Help;Help;
14300;Error without errortext (98);Error without errortext (98);Error without errortext (98);
30684;Help;Help;Help;
14302;Error without errortext (99);Error without errortext (99);Error without errortext (99);
30686;Help;Help;Help;
14312;Configuration error;Configuration error;Configuration error;
30696;Help;Help;Help;
14314;Execution error;Execution error;Execution error;
30698;Help;Help;Help;
14316;Record error;Record error;Record error;
30700;Help;Help;Help;
14318;Control error;Control error;Control error;
30702;Help;Help;Help;
14328;System error A;System error A;System error A;
30712;Help;Help;Help;
14330;System error B;System error B;System error B;
30714;Help;Help;Help;
14332;Error in valve;Error in valve;Error in valve;
30716;Help;Help;Help;
14334;Controller error;Controller error;Controller error;
30718;Help;Help;Help;
14344;Encoder error;Encoder error;Encoder error;
30728;Help;Help;Help;
14346;Error motor or power stage;Error motor or power stage;Error motor or power stage;
30730;Help;Help;Help;
14348;Error without errortext (110);Error without errortext (110);Error without errortext (110);
30732;Help;Help;Help;
14350;Error without errortext (111);Error without errortext (111);Error without errortext (111);
30734;Help;Help;Help;
14360;Error without errortext (112);Error without errortext (112);Error without errortext (112);
30744;Help;Help;Help;
14362;Error without errortext (113);Error without errortext (113);Error without errortext (113);
30746;Help;Help;Help;
14364;Error without errortext (114);Error without errortext (114);Error without errortext (114);
30748;Help;Help;Help;
14366;Subsystem module/channel failure;Subsystem module/channel failure;Subsystem module/channel failure;
30750;Help;Help;Help;
14376;Error without errortext (116);Error without errortext (116);Error without errortext (116);
30760;Help;Help;Help;
14378;Error without errortext (117);Error without errortext (117);Error without errortext (117);
30762;Help;Help;Help;
14380;Error without errortext (118);Error without errortext (118);Error without errortext (118);
30764;Help;Help;Help;
14382;Error without errortext (119);Error without errortext (119);Error without errortext (119);
30766;Help;Help;Help;
14392;Error loading project;Error loading project;Error loading project;
30776;Help;Help;Help;
14394;Error without errortext (121);Error without errortext (121);Error without errortext (121);
30778;Help;Help;Help;
14396;Error without errortext (122);Error without errortext (122);Error without errortext (122);
30780;Help;Help;Help;
14398;Error without errortext (123);Error without errortext (123);Error without errortext (123);
30782;Help;Help;Help;
14408;Error without errortext (124);Error without errortext (124);Error without errortext (124);
30792;Help;Help;Help;
14410;Error without errortext (125);Error without errortext (125);Error without errortext (125);
30794;Help;Help;Help;
14412;Error without errortext (126);Error without errortext (126);Error without errortext (126);
30796;Help;Help;Help;
14414;Error without errortext (127);Error without errortext (127);Error without errortext (127);
30798;Help;Help;Help;
14424;Switch unit defective;Switch unit defective;Switch unit defective;
30808;Help;Help;Help;
14426;CBUS asic not ready;CBUS asic not ready;CBUS asic not ready;
30810;Help;Help;Help;
14428;CPU Hardware Trap;CPU Hardware Trap;CPU Hardware Trap;
30812;Help;Help;Help;
14430;CBUS C-manager not ready;CBUS C-manager not ready;CBUS C-manager not ready;
30814;Help;Help;Help;
14440;Watchdog overflow;Watchdog overflow;Watchdog overflow;
30824;Help;Help;Help;
14442;Remanent memory defective;Remanent memory defective;Remanent memory defective;
30826;Help;Help;Help;
14444;Flash system memory defective;Flash system memory defective;Flash system memory defective;
30828;Help;Help;Help;
14446;Number of mod.params.more than 64;Number of mod.params.more than 64;Number of mod.params.more than 64;
30830;Help;Help;Help;
14456;Slave not ready;Slave not ready;Slave not ready;
30840;Help;Help;Help;
14458;CBUS diagnostic telegram;CBUS diagnostic telegram;CBUS diagnostic telegram;
30842;Help;Help;Help;
14460;CBUS init fault (gap);CBUS init fault (gap);CBUS init fault (gap);
30844;Help;Help;Help;
14462;Order queue full;Order queue full;Order queue full;
30846;Help;Help;Help;
14472;CBUS-EEPROM error;CBUS-EEPROM error;CBUS-EEPROM error;
30856;Help;Help;Help;
14474;CBUS C-timeout error;CBUS C-timeout error;CBUS C-timeout error;
30858;Help;Help;Help;
14476;CBUS telegram fault;CBUS telegram fault;CBUS telegram fault;
30860;Help;Help;Help;
14478;BIU access error;BIU access error;BIU access error;
30862;Help;Help;Help;
14488;Licence error;Licence error;Licence error;
30872;Help;Help;Help;
14490;Built-in self test failed;Built-in self test failed;Built-in self test failed;
30874;Help;Help;Help;
14492;FPGA defective;FPGA defective;FPGA defective;
30876;Help;Help;Help;
14494;IO-Link initialization failed;IO-Link initialization failed;IO-Link initialization failed;
30878;Help;Help;Help;
14504;IO-Link driver error;IO-Link driver error;IO-Link driver error;
30888;Help;Help;Help;
14506;Application exception;Application exception;Application exception;
30890;Help;Help;Help;
14508;NETOS fatal error;NETOS fatal error;NETOS fatal error;
30892;Help;Help;Help;
14510;Error without errortext (151);Error without errortext (151);Error without errortext (151);
30894;Help;Help;Help;
14520;Error without errortext (152);Error without errortext (152);Error without errortext (152);
30904;Help;Help;Help;
14522;Error without errortext (153);Error without errortext (153);Error without errortext (153);
30906;Help;Help;Help;
14524;Error without errortext (154);Error without errortext (154);Error without errortext (154);
30908;Help;Help;Help;
14526;Error without errortext (155);Error without errortext (155);Error without errortext (155);
30910;Help;Help;Help;
14536;Error without errortext (156);Error without errortext (156);Error without errortext (156);
30920;Help;Help;Help;
14538;Error without errortext (157);Error without errortext (157);Error without errortext (157);
30922;Help;Help;Help;
14540;Error without errortext (158);Error without errortext (158);Error without errortext (158);
30924;Help;Help;Help;
14542;Error without errortext (159);Error without errortext (159);Error without errortext (159);
30926;Help;Help;Help;
14552;Error without errortext (160);Error without errortext (160);Error without errortext (160);
30936;Help;Help;Help;
14554;Error without errortext (161);Error without errortext (161);Error without errortext (161);
30938;Help;Help;Help;
14556;Error without errortext (162);Error without errortext (162);Error without errortext (162);
30940;Help;Help;Help;
14558;Error without errortext (163);Error without errortext (163);Error without errortext (163);
30942;Help;Help;Help;
14568;Error without errortext (164);Error without errortext (164);Error without errortext (164);
30952;Help;Help;Help;
14570;Error without errortext (165);Error without errortext (165);Error without errortext (165);
30954;Help;Help;Help;
14572;Error without errortext (166);Error without errortext (166);Error without errortext (166);
30956;Help;Help;Help;
14574;Error without errortext (167);Error without errortext (167);Error without errortext (167);
30958;Help;Help;Help;
14584;Error without errortext (168);Error without errortext (168);Error without errortext (168);
30968;Help;Help;Help;
14586;Error without errortext (169);Error without errortext (169);Error without errortext (169);
30970;Help;Help;Help;
14588;Error without errortext (170);Error without errortext (170);Error without errortext (170);
30972;Help;Help;Help;
14590;Error without errortext (171);Error without errortext (171);Error without errortext (171);
30974;Help;Help;Help;
14600;Error without errortext (172);Error without errortext (172);Error without errortext (172);
30984;Help;Help;Help;
14602;Error without errortext (173);Error without errortext (173);Error without errortext (173);
30986;Help;Help;Help;
14604;Error without errortext (174);Error without errortext (174);Error without errortext (174);
30988;Help;Help;Help;
14606;Error without errortext (175);Error without errortext (175);Error without errortext (175);
30990;Help;Help;Help;
14616;Error without errortext (176);Error without errortext (176);Error without errortext (176);
31000;Help;Help;Help;
14618;Error without errortext (177);Error without errortext (177);Error without errortext (177);
31002;Help;Help;Help;
14620;Error without errortext (178);Error without errortext (178);Error without errortext (178);
31004;Help;Help;Help;
14622;Error without errortext (179);Error without errortext (179);Error without errortext (179);
31006;Help;Help;Help;
14632;Error without errortext (180);Error without errortext (180);Error without errortext (180);
31016;Help;Help;Help;
14634;Error without errortext (181);Error without errortext (181);Error without errortext (181);
31018;Help;Help;Help;
14636;Error without errortext (182);Error without errortext (182);Error without errortext (182);
31020;Help;Help;Help;
14638;Error without errortext (183);Error without errortext (183);Error without errortext (183);
31022;Help;Help;Help;
14648;Error without errortext (184);Error without errortext (184);Error without errortext (184);
31032;Help;Help;Help;
14650;Error without errortext (185);Error without errortext (185);Error without errortext (185);
31034;Help;Help;Help;
14652;Error without errortext (186);Error without errortext (186);Error without errortext (186);
31036;Help;Help;Help;
14654;Error without errortext (187);Error without errortext (187);Error without errortext (187);
31038;Help;Help;Help;
14664;Error without errortext (188);Error without errortext (188);Error without errortext (188);
31048;Help;Help;Help;
14666;Error without errortext (189);Error without errortext (189);Error without errortext (189);
31050;Help;Help;Help;
14668;Error without errortext (190);Error without errortext (190);Error without errortext (190);
31052;Help;Help;Help;
14670;Error without errortext (191);Error without errortext (191);Error without errortext (191);
31054;Help;Help;Help;
14680;Error without errortext (192);Error without errortext (192);Error without errortext (192);
31064;Help;Help;Help;
14682;Error without errortext (193);Error without errortext (193);Error without errortext (193);
31066;Help;Help;Help;
14684;Error without errortext (194);Error without errortext (194);Error without errortext (194);
31068;Help;Help;Help;
14686;Error without errortext (195);Error without errortext (195);Error without errortext (195);
31070;Help;Help;Help;
14696;Error without errortext (196);Error without errortext (196);Error without errortext (196);
31080;Help;Help;Help;
14698;Error without errortext (197);Error without errortext (197);Error without errortext (197);
31082;Help;Help;Help;
14700;Error without errortext (198);Error without errortext (198);Error without errortext (198);
31084;Help;Help;Help;
14702;Error without errortext (199);Error without errortext (199);Error without errortext (199);
31086;Help;Help;Help;
14712;Fault param.transfer module n;Fault param.transfer module n;Fault param.transfer module n;
31096;Help;Help;Help;
14714;Invalid field bus address;Invalid field bus address;Invalid field bus address;
31098;Help;Help;Help;
14716;Protokoll Asic not ready;Protokoll Asic not ready;Protokoll Asic not ready;
31100;Help;Help;Help;
14718;MMI serves CBUS module;MMI serves CBUS module;MMI serves CBUS module;
31102;Help;Help;Help;
14728;Invalid setting switch unit;Invalid setting switch unit;Invalid setting switch unit;
31112;Help;Help;Help;
14730;Module set to default values;Module set to default values;Module set to default values;
31114;Help;Help;Help;
14732;Fault in param. operating mode;Fault in param. operating mode;Fault in param. operating mode;
31116;Help;Help;Help;
14734;Fault in param. max pos cont.outputcurr.;Fault in param. max pos cont.outputcurr.;Fault in param. max pos cont.outputcurr.;
31118;Help;Help;Help;
14744;Fault in param. max neg cont.outputcurr.;Fault in param. max neg cont.outputcurr.;Fault in param. max neg cont.outputcurr.;
31128;Help;Help;Help;
14746;Fault in param. CNT-function input DI;Fault in param. CNT-function input DI;Fault in param. CNT-function input DI;
31130;Help;Help;Help;
14748;Fault in param. POS-function input DI;Fault in param. POS-function input DI;Fault in param. POS-function input DI;
31132;Help;Help;Help;
14750;Fault in param. encoder type;Fault in param. encoder type;Fault in param. encoder type;
31134;Help;Help;Help;
14760;Fault in param. reference mode;Fault in param. reference mode;Fault in param. reference mode;
31144;Help;Help;Help;
14762;Fault in param. SSI-parity;Fault in param. SSI-parity;Fault in param. SSI-parity;
31146;Help;Help;Help;
14764;Fault in param. SSI-telegram cycle;Fault in param. SSI-telegram cycle;Fault in param. SSI-telegram cycle;
31148;Help;Help;Help;
14766;Fault in param. time base pulse output;Fault in param. time base pulse output;Fault in param. time base pulse output;
31150;Help;Help;Help;
14776;Fault in object limit;Fault in object limit;Fault in object limit;
31160;Help;Help;Help;
14778;Fault in object count limit;Fault in object count limit;Fault in object count limit;
31162;Help;Help;Help;
14780;Fault in object comp value;Fault in object comp value;Fault in object comp value;
31164;Help;Help;Help;
14782;Fault in reference mode;Fault in reference mode;Fault in reference mode;
31166;Help;Help;Help;
14792;Invalid object address;Invalid object address;Invalid object address;
31176;Help;Help;Help;
14794;Fault in pulse output settings;Fault in pulse output settings;Fault in pulse output settings;
31178;Help;Help;Help;
14796;Pulse output debounce time out of range;Pulse output debounce time out of range;Pulse output debounce time out of range;
31180;Help;Help;Help;
14798;Fault in speed factor;Fault in speed factor;Fault in speed factor;
31182;Help;Help;Help;
14808;Fault in phys. characteristic input;Fault in phys. characteristic input;Fault in phys. characteristic input;
31192;Help;Help;Help;
14810;Fault in function DIR;Fault in function DIR;Fault in function DIR;
31194;Help;Help;Help;
14812;Fault in pulse per rotation;Fault in pulse per rotation;Fault in pulse per rotation;
31196;Help;Help;Help;
14814;Fault in pulse per rotation between AB&0;Fault in pulse per rotation between AB&0;Fault in pulse per rotation between AB&0;
31198;Help;Help;Help;
14824;Error without errortext (228);Error without errortext (228);Error without errortext (228);
31208;Help;Help;Help;
14826;Error without errortext (229);Error without errortext (229);Error without errortext (229);
31210;Help;Help;Help;
14828;Error without errortext (230);Error without errortext (230);Error without errortext (230);
31212;Help;Help;Help;
14830;Error without errortext (231);Error without errortext (231);Error without errortext (231);
31214;Help;Help;Help;
14840;Error without errortext (232);Error without errortext (232);Error without errortext (232);
31224;Help;Help;Help;
14842;Error without errortext (233);Error without errortext (233);Error without errortext (233);
31226;Help;Help;Help;
14844;Error without errortext (234);Error without errortext (234);Error without errortext (234);
31228;Help;Help;Help;
14846;Error without errortext (235);Error without errortext (235);Error without errortext (235);
31230;Help;Help;Help;
14856;Error without errortext (236);Error without errortext (236);Error without errortext (236);
31240;Help;Help;Help;
14858;Error without errortext (237);Error without errortext (237);Error without errortext (237);
31242;Help;Help;Help;
14860;Error without errortext (238);Error without errortext (238);Error without errortext (238);
31244;Help;Help;Help;
14862;Error without errortext (239);Error without errortext (239);Error without errortext (239);
31246;Help;Help;Help;
14872;Error without errortext (240);Error without errortext (240);Error without errortext (240);
31256;Help;Help;Help;
14874;Error without errortext (241);Error without errortext (241);Error without errortext (241);
31258;Help;Help;Help;
14876;Error without errortext (242);Error without errortext (242);Error without errortext (242);
31260;Help;Help;Help;
14878;Error without errortext (243);Error without errortext (243);Error without errortext (243);
31262;Help;Help;Help;
14888;Error without errortext (244);Error without errortext (244);Error without errortext (244);
31272;Help;Help;Help;
14890;Error without errortext (245);Error without errortext (245);Error without errortext (245);
31274;Help;Help;Help;
14892;Error without errortext (246);Error without errortext (246);Error without errortext (246);
31276;Help;Help;Help;
14894;Error without errortext (247);Error without errortext (247);Error without errortext (247);
31278;Help;Help;Help;
14904;Error without errortext (248);Error without errortext (248);Error without errortext (248);
31288;Help;Help;Help;
14906;Error without errortext (249);Error without errortext (249);Error without errortext (249);
31290;Help;Help;Help;
14908;Error without errortext (250);Error without errortext (250);Error without errortext (250);
31292;Help;Help;Help;
14910;Error without errortext (251);Error without errortext (251);Error without errortext (251);
31294;Help;Help;Help;
14920;Error without errortext (252);Error without errortext (252);Error without errortext (252);
31304;Help;Help;Help;
14922;Error without errortext (253);Error without errortext (253);Error without errortext (253);
31306;Help;Help;Help;
14924;Error without errortext (254);Error without errortext (254);Error without errortext (254);
31308;Help;Help;Help;
14926;Unknown error (255);Unknown error (255);Unknown error (255);
31310;Help;Help;Help;
14936;Error without errortext (256);Error without errortext (256);Error without errortext (256);
31320;Help;Help;Help;
14938;Error without errortext (257);Error without errortext (257);Error without errortext (257);
31322;Help;Help;Help;
14940;Error without errortext (258);Error without errortext (258);Error without errortext (258);
31324;Help;Help;Help;
14942;Error without errortext (259);Error without errortext (259);Error without errortext (259);
31326;Help;Help;Help;
15114;CPX critical system error;CPX critical system error;CPX critical system error;
31498;Help;Help;Help;
1855;IO-Link device error: No error;IO-Link device error: No error;IO-Link device error: No error;
18239;;;;
10191;IO-Link device error: Device hardware fault;IO-Link device error: Device hardware fault;IO-Link device error: Device hardware fault;
26575;;;;
